medicine_id,medicine_name,lab_id,lab_name,measured_warehouse_qty_X,visibility_error_pct,lab_priority_index,medicine_sensitivity_index,weekday_factor,lab_demand_Y
1,Medicine 1,7,Lab 7,403,0.035,0.16,0.3,2,139
2,Medicine 2,20,Lab 20,61,0.174,0.95,0.15,2,44
3,Medicine 3,15,Lab 15,324,0.185,0.56,0.22,6,124
4,Medicine 4,11,Lab 11,150,0.103,0.47,0.65,3,84
5,Medicine 5,8,Lab 8,93,0.125,0.83,0.86,4,88
6,Medicine 6,7,Lab 7,492,0.155,0.85,0.14,3,164
7,Medicine 7,19,Lab 19,354,0.043,0.4,0.76,5,138
8,Medicine 8,11,Lab 11,494,0.105,0.72,0.41,1,200
9,Medicine 9,11,Lab 11,66,0.086,0.79,0.53,4,79
10,Medicine 10,4,Lab 4,379,0.038,0.69,0.94,1,147
11,Medicine 11,8,Lab 8,106,0.08,0.24,0.4,7,83
12,Medicine 12,3,Lab 3,360,0.023,0.89,0.52,6,140
13,Medicine 13,2,Lab 2,352,0.015,0.59,0.11,5,105
14,Medicine 14,12,Lab 12,61,0.036,0.35,0.17,6,80
15,Medicine 15,6,Lab 6,367,0.193,0.48,0.33,5,149
16,Medicine 16,2,Lab 2,129,0.114,0.13,0.13,1,43
17,Medicine 17,1,Lab 1,265,0.194,0.22,0.67,1,103
18,Medicine 18,12,Lab 12,388,0.092,0.79,0.48,1,211
19,Medicine 19,12,Lab 12,313,0.069,0.1,0.59,5,152
20,Medicine 20,17,Lab 17,198,0.106,0.47,0.26,2,60
21,Medicine 21,10,Lab 10,130,0.094,0.57,0.37,1,28
22,Medicine 22,16,Lab 16,264,0.03,0.15,0.7,6,152
23,Medicine 23,15,Lab 15,423,0.132,0.98,0.97,7,221
24,Medicine 24,15,Lab 15,247,0.051,0.3,0.15,4,113
25,Medicine 25,19,Lab 19,249,0.128,0.37,0.9,5,111
26,Medicine 26,12,Lab 12,74,0.134,0.37,0.62,6,78
27,Medicine 27,20,Lab 20,138,0.039,0.31,0.61,3,64
28,Medicine 28,3,Lab 3,317,0.022,0.1,0.55,7,160
29,Medicine 29,5,Lab 5,192,0.158,0.76,0.16,3,104
30,Medicine 30,19,Lab 19,108,0.097,0.97,0.18,4,61
31,Medicine 31,7,Lab 7,459,0.021,0.3,0.64,2,194
32,Medicine 32,9,Lab 9,414,0.199,0.7,0.41,1,147
33,Medicine 33,7,Lab 7,75,0.021,0.77,0.93,5,99
34,Medicine 34,18,Lab 18,96,0.142,0.86,0.47,6,56
35,Medicine 35,4,Lab 4,337,0.197,0.48,0.23,1,117
36,Medicine 36,14,Lab 14,315,0.055,0.37,0.74,6,137
37,Medicine 37,18,Lab 18,65,0.037,0.39,0.36,5,70
38,Medicine 38,9,Lab 9,248,0.033,0.74,0.57,3,148
39,Medicine 39,2,Lab 2,450,0.068,0.84,0.73,1,181
40,Medicine 40,20,Lab 20,456,0.029,0.26,0.91,4,169
41,Medicine 41,15,Lab 15,331,0.142,0.43,0.81,2,147
42,Medicine 42,7,Lab 7,135,0.022,0.91,0.71,4,106
43,Medicine 43,12,Lab 12,299,0.107,0.83,0.71,2,173
44,Medicine 44,8,Lab 8,440,0.199,0.99,0.95,7,210
45,Medicine 45,15,Lab 15,319,0.165,0.78,0.37,6,132
46,Medicine 46,3,Lab 3,384,0.127,0.45,0.1,1,141
47,Medicine 47,14,Lab 14,166,0.068,0.63,0.34,1,71
48,Medicine 48,17,Lab 17,56,0.129,0.69,0.3,7,69
49,Medicine 49,4,Lab 4,186,0.11,0.17,0.7,2,66
50,Medicine 50,18,Lab 18,420,0.091,0.59,0.67,3,165
51,Medicine 51,8,Lab 8,225,0.035,0.74,0.63,5,125
52,Medicine 52,4,Lab 4,377,0.178,0.25,0.11,4,129
53,Medicine 53,2,Lab 2,364,0.095,0.8,0.76,7,166
54,Medicine 54,6,Lab 6,264,0.047,0.63,0.39,6,136
55,Medicine 55,10,Lab 10,131,0.08,0.96,0.7,7,92
56,Medicine 56,4,Lab 4,272,0.089,0.14,0.6,4,94
57,Medicine 57,18,Lab 18,421,0.167,0.34,0.41,4,171
58,Medicine 58,12,Lab 12,472,0.149,0.64,0.22,6,195
59,Medicine 59,2,Lab 2,451,0.156,0.37,0.18,6,144
60,Medicine 60,10,Lab 10,492,0.012,0.74,0.85,1,155
61,Medicine 61,4,Lab 4,152,0.089,0.78,0.93,4,84
62,Medicine 62,14,Lab 14,322,0.101,0.19,0.68,5,138
63,Medicine 63,16,Lab 16,63,0.014,0.56,0.19,5,83
64,Medicine 64,15,Lab 15,208,0.059,0.56,0.46,2,91
65,Medicine 65,8,Lab 8,201,0.154,0.43,0.76,7,103
66,Medicine 66,14,Lab 14,157,0.036,0.94,0.8,6,121
67,Medicine 67,8,Lab 8,237,0.112,0.84,0.21,1,91
68,Medicine 68,16,Lab 16,350,0.051,0.73,0.1,5,117
69,Medicine 69,13,Lab 13,147,0.012,0.74,0.74,3,67
70,Medicine 70,18,Lab 18,180,0.056,0.52,0.42,1,52
71,Medicine 71,15,Lab 15,342,0.195,0.93,0.33,1,175
72,Medicine 72,13,Lab 13,220,0.162,0.73,0.11,5,117
73,Medicine 73,9,Lab 9,473,0.192,0.76,0.59,3,168
74,Medicine 74,15,Lab 15,232,0.103,0.88,0.87,2,140
75,Medicine 75,13,Lab 13,413,0.031,0.35,0.96,5,171
76,Medicine 76,1,Lab 1,88,0.114,0.83,0.61,3,92
77,Medicine 77,7,Lab 7,64,0.096,0.28,0.56,1,43
78,Medicine 78,9,Lab 9,425,0.17,0.41,0.18,3,134
79,Medicine 79,1,Lab 1,53,0.029,0.4,0.59,1,58
80,Medicine 80,12,Lab 12,398,0.103,0.98,0.44,7,184
81,Medicine 81,8,Lab 8,458,0.039,0.87,0.65,5,205
82,Medicine 82,11,Lab 11,446,0.072,0.73,0.45,6,192
83,Medicine 83,19,Lab 19,259,0.15,0.75,0.32,5,123
84,Medicine 84,17,Lab 17,210,0.1,0.61,0.19,7,126
85,Medicine 85,8,Lab 8,65,0.081,0.95,0.38,4,117
86,Medicine 86,3,Lab 3,475,0.085,0.55,0.19,4,199
87,Medicine 87,3,Lab 3,157,0.097,0.44,0.26,4,83
88,Medicine 88,1,Lab 1,431,0.159,0.25,0.99,5,174
89,Medicine 89,5,Lab 5,499,0.179,0.81,0.5,2,177
90,Medicine 90,10,Lab 10,360,0.192,0.76,0.58,5,130
91,Medicine 91,7,Lab 7,276,0.16,0.45,0.89,7,158
92,Medicine 92,9,Lab 9,219,0.07,0.12,1.0,7,109
93,Medicine 93,7,Lab 7,83,0.141,0.86,0.62,6,76
94,Medicine 94,9,Lab 9,463,0.093,0.11,0.83,3,189
95,Medicine 95,8,Lab 8,300,0.058,0.73,0.39,5,133
96,Medicine 96,12,Lab 12,296,0.17,0.97,0.38,5,126
97,Medicine 97,2,Lab 2,318,0.017,0.49,0.46,1,99
98,Medicine 98,1,Lab 1,190,0.181,0.31,0.71,7,134
99,Medicine 99,16,Lab 16,323,0.098,0.73,0.71,1,116
100,Medicine 100,5,Lab 5,465,0.131,0.84,0.38,1,154
101,Medicine 101,3,Lab 3,145,0.135,0.59,0.22,5,44
102,Medicine 102,12,Lab 12,276,0.18,0.97,0.67,2,122
103,Medicine 103,8,Lab 8,428,0.131,0.15,0.22,3,139
104,Medicine 104,3,Lab 3,88,0.127,0.55,0.62,3,68
105,Medicine 105,1,Lab 1,351,0.023,0.75,0.72,7,152
106,Medicine 106,3,Lab 3,78,0.108,0.88,0.73,6,102
107,Medicine 107,5,Lab 5,495,0.039,0.26,0.78,7,173
108,Medicine 108,15,Lab 15,367,0.15,0.82,0.89,2,153
109,Medicine 109,14,Lab 14,294,0.107,0.6,0.55,2,123
110,Medicine 110,3,Lab 3,285,0.139,0.46,0.76,3,126
111,Medicine 111,1,Lab 1,234,0.018,0.22,0.66,4,116
112,Medicine 112,5,Lab 5,321,0.026,0.88,0.27,1,141
113,Medicine 113,14,Lab 14,489,0.146,0.24,0.12,1,179
114,Medicine 114,7,Lab 7,285,0.024,0.38,0.36,3,114
115,Medicine 115,9,Lab 9,288,0.024,0.36,0.5,7,123
116,Medicine 116,15,Lab 15,426,0.012,0.88,0.66,2,185
117,Medicine 117,15,Lab 15,315,0.192,0.71,0.86,7,154
118,Medicine 118,10,Lab 10,463,0.15,0.82,0.28,6,211
119,Medicine 119,13,Lab 13,458,0.077,0.33,0.21,4,154
120,Medicine 120,19,Lab 19,408,0.066,0.66,0.97,3,159
121,Medicine 121,7,Lab 7,389,0.076,0.61,0.2,1,138
122,Medicine 122,17,Lab 17,438,0.157,0.85,0.53,5,146
123,Medicine 123,20,Lab 20,114,0.136,0.92,0.63,7,90
124,Medicine 124,4,Lab 4,226,0.045,0.11,0.59,2,88
125,Medicine 125,5,Lab 5,52,0.043,0.71,0.18,5,62
126,Medicine 126,7,Lab 7,478,0.029,0.15,0.15,6,159
127,Medicine 127,13,Lab 13,191,0.135,0.59,0.19,3,65
128,Medicine 128,15,Lab 15,425,0.155,0.36,0.63,7,203
129,Medicine 129,11,Lab 11,207,0.06,0.38,0.59,1,89
130,Medicine 130,4,Lab 4,373,0.014,0.42,0.31,7,181
131,Medicine 131,13,Lab 13,195,0.026,0.66,0.67,4,99
132,Medicine 132,7,Lab 7,495,0.194,0.4,0.84,5,195
133,Medicine 133,19,Lab 19,342,0.066,0.76,0.14,4,142
134,Medicine 134,2,Lab 2,202,0.156,0.46,0.55,6,143
135,Medicine 135,10,Lab 10,481,0.129,0.16,0.72,1,163
136,Medicine 136,13,Lab 13,242,0.083,0.81,0.33,5,116
137,Medicine 137,6,Lab 6,486,0.049,0.36,0.38,6,213
138,Medicine 138,12,Lab 12,122,0.033,0.49,0.65,4,76
139,Medicine 139,12,Lab 12,448,0.127,0.72,0.91,4,195
140,Medicine 140,20,Lab 20,354,0.157,0.4,0.83,5,176
141,Medicine 141,11,Lab 11,426,0.132,0.15,0.62,1,136
142,Medicine 142,7,Lab 7,393,0.111,0.44,0.76,4,170
143,Medicine 143,1,Lab 1,189,0.018,0.95,0.43,3,137
144,Medicine 144,1,Lab 1,236,0.194,0.68,0.68,6,143
145,Medicine 145,20,Lab 20,342,0.162,0.7,0.52,5,154
146,Medicine 146,13,Lab 13,110,0.066,0.67,0.27,2,56
147,Medicine 147,9,Lab 9,476,0.196,0.28,0.73,2,158
148,Medicine 148,3,Lab 3,429,0.124,0.48,0.6,1,135
149,Medicine 149,7,Lab 7,247,0.121,0.78,0.42,3,141
150,Medicine 150,6,Lab 6,344,0.152,0.19,0.92,4,173
151,Medicine 151,8,Lab 8,489,0.164,0.35,0.12,2,145
152,Medicine 152,9,Lab 9,368,0.135,0.35,0.38,1,133
153,Medicine 153,5,Lab 5,351,0.034,0.49,0.15,6,150
154,Medicine 154,1,Lab 1,393,0.074,0.98,0.79,3,196
155,Medicine 155,19,Lab 19,60,0.186,0.16,0.73,3,56
156,Medicine 156,10,Lab 10,111,0.053,0.57,0.4,7,88
157,Medicine 157,12,Lab 12,382,0.081,0.26,0.71,1,131
158,Medicine 158,15,Lab 15,275,0.092,0.97,0.46,1,122
159,Medicine 159,9,Lab 9,202,0.093,0.2,0.78,7,111
160,Medicine 160,20,Lab 20,248,0.126,0.46,0.51,4,117
161,Medicine 161,17,Lab 17,101,0.189,0.76,0.47,1,53
162,Medicine 162,17,Lab 17,309,0.056,0.73,0.94,7,160
163,Medicine 163,20,Lab 20,108,0.033,0.48,0.33,4,50
164,Medicine 164,12,Lab 12,121,0.048,0.41,0.21,4,78
165,Medicine 165,7,Lab 7,197,0.179,0.46,0.63,5,104
166,Medicine 166,2,Lab 2,398,0.133,0.34,0.97,3,199
167,Medicine 167,3,Lab 3,112,0.064,0.28,0.44,6,58
168,Medicine 168,17,Lab 17,359,0.165,0.53,0.16,3,142
169,Medicine 169,5,Lab 5,422,0.174,0.34,0.41,3,150
170,Medicine 170,17,Lab 17,292,0.171,0.36,0.56,5,170
171,Medicine 171,17,Lab 17,415,0.185,0.69,0.25,4,167
172,Medicine 172,17,Lab 17,379,0.058,0.97,0.69,4,177
173,Medicine 173,2,Lab 2,156,0.153,0.64,1.0,1,85
174,Medicine 174,2,Lab 2,275,0.098,0.17,0.51,5,107
175,Medicine 175,5,Lab 5,362,0.17,0.17,0.42,1,127
176,Medicine 176,1,Lab 1,267,0.148,0.96,0.46,5,103
177,Medicine 177,1,Lab 1,474,0.158,0.37,0.2,1,125
178,Medicine 178,19,Lab 19,290,0.135,0.18,0.89,2,140
179,Medicine 179,2,Lab 2,308,0.044,0.64,0.47,7,116
180,Medicine 180,12,Lab 12,425,0.114,0.66,0.45,3,157
181,Medicine 181,6,Lab 6,311,0.197,0.68,0.69,3,111
182,Medicine 182,4,Lab 4,54,0.188,0.34,0.5,6,50
183,Medicine 183,11,Lab 11,310,0.018,0.11,0.68,7,153
184,Medicine 184,17,Lab 17,103,0.041,0.97,0.16,4,92
185,Medicine 185,6,Lab 6,96,0.035,0.33,0.83,6,112
186,Medicine 186,5,Lab 5,264,0.148,0.71,0.95,2,106
187,Medicine 187,20,Lab 20,226,0.165,0.74,0.68,6,115
188,Medicine 188,2,Lab 2,58,0.051,0.65,0.96,3,152
189,Medicine 189,6,Lab 6,148,0.106,0.38,0.24,4,68
190,Medicine 190,11,Lab 11,69,0.17,0.34,0.53,2,27
191,Medicine 191,16,Lab 16,427,0.149,0.64,0.64,3,153
192,Medicine 192,16,Lab 16,290,0.113,0.88,0.62,7,147
193,Medicine 193,1,Lab 1,110,0.122,0.95,0.46,1,56
194,Medicine 194,9,Lab 9,428,0.107,0.2,0.4,5,159
195,Medicine 195,6,Lab 6,468,0.067,0.24,0.21,2,157
196,Medicine 196,16,Lab 16,227,0.117,0.95,0.45,4,114
197,Medicine 197,3,Lab 3,387,0.141,0.76,0.25,6,142
198,Medicine 198,20,Lab 20,111,0.176,0.89,0.76,7,107
199,Medicine 199,4,Lab 4,194,0.131,0.28,0.29,6,98
200,Medicine 200,19,Lab 19,265,0.155,0.63,0.15,2,108
201,Medicine 201,3,Lab 3,52,0.04,0.73,0.6,7,46
202,Medicine 202,19,Lab 19,209,0.098,0.71,0.64,4,114
203,Medicine 203,20,Lab 20,276,0.012,0.47,0.88,2,88
204,Medicine 204,7,Lab 7,318,0.057,0.11,0.62,4,129
205,Medicine 205,20,Lab 20,169,0.148,0.62,0.41,6,111
206,Medicine 206,9,Lab 9,430,0.198,0.33,0.82,3,186
207,Medicine 207,1,Lab 1,138,0.029,0.51,0.59,7,109
208,Medicine 208,8,Lab 8,378,0.086,0.96,0.17,1,151
209,Medicine 209,7,Lab 7,117,0.162,0.46,0.61,3,63
210,Medicine 210,18,Lab 18,447,0.049,0.86,0.92,1,171
211,Medicine 211,8,Lab 8,406,0.115,0.27,0.46,6,219
212,Medicine 212,1,Lab 1,147,0.149,0.71,0.37,7,113
213,Medicine 213,11,Lab 11,316,0.127,0.98,0.23,3,106
214,Medicine 214,18,Lab 18,154,0.046,0.19,0.24,3,35
215,Medicine 215,10,Lab 10,489,0.078,0.11,0.49,2,160
216,Medicine 216,3,Lab 3,372,0.159,0.49,0.64,5,181
217,Medicine 217,7,Lab 7,172,0.115,0.18,0.17,6,85
218,Medicine 218,16,Lab 16,78,0.011,0.77,0.95,4,42
219,Medicine 219,16,Lab 16,186,0.155,0.92,0.78,6,116
220,Medicine 220,20,Lab 20,244,0.017,0.49,0.63,4,121
221,Medicine 221,17,Lab 17,458,0.152,0.33,0.85,7,148
222,Medicine 222,2,Lab 2,275,0.048,0.49,0.17,4,115
223,Medicine 223,1,Lab 1,381,0.192,0.75,0.53,1,120
224,Medicine 224,16,Lab 16,219,0.08,0.11,0.67,4,67
225,Medicine 225,12,Lab 12,58,0.072,0.63,0.85,4,103
226,Medicine 226,5,Lab 5,89,0.038,0.65,0.81,2,50
227,Medicine 227,5,Lab 5,74,0.068,0.67,0.35,3,44
228,Medicine 228,9,Lab 9,310,0.177,0.32,0.95,6,135
229,Medicine 229,9,Lab 9,444,0.199,0.74,0.21,6,174
230,Medicine 230,3,Lab 3,492,0.08,0.18,0.89,7,244
231,Medicine 231,19,Lab 19,275,0.095,0.28,0.97,7,123
232,Medicine 232,16,Lab 16,173,0.147,0.89,0.26,4,84
233,Medicine 233,16,Lab 16,87,0.178,0.76,0.75,5,82
234,Medicine 234,3,Lab 3,377,0.123,0.11,0.14,6,125
235,Medicine 235,20,Lab 20,300,0.084,0.32,0.46,7,134
236,Medicine 236,1,Lab 1,438,0.088,0.29,0.56,4,181
237,Medicine 237,20,Lab 20,225,0.142,0.34,0.62,7,105
238,Medicine 238,11,Lab 11,139,0.011,0.32,0.94,1,73
239,Medicine 239,17,Lab 17,451,0.128,0.16,0.71,1,149
240,Medicine 240,8,Lab 8,86,0.078,0.51,0.53,7,80
241,Medicine 241,4,Lab 4,365,0.161,0.76,0.83,1,151
242,Medicine 242,6,Lab 6,225,0.028,0.65,0.96,7,154
243,Medicine 243,8,Lab 8,333,0.122,0.71,0.12,4,170
244,Medicine 244,20,Lab 20,130,0.101,0.17,0.98,2,23
245,Medicine 245,3,Lab 3,163,0.132,0.96,0.18,5,88
246,Medicine 246,16,Lab 16,89,0.022,0.85,0.83,4,60
247,Medicine 247,3,Lab 3,350,0.12,0.82,0.35,2,128
248,Medicine 248,18,Lab 18,273,0.117,0.84,0.22,2,127
249,Medicine 249,14,Lab 14,367,0.117,0.94,0.5,6,192
250,Medicine 250,18,Lab 18,398,0.125,0.59,0.68,4,190
251,Medicine 251,2,Lab 2,164,0.139,0.28,0.44,4,105
252,Medicine 252,3,Lab 3,235,0.163,0.66,0.15,7,111
253,Medicine 253,16,Lab 16,372,0.061,0.77,0.64,2,181
254,Medicine 254,9,Lab 9,105,0.167,0.76,0.91,2,107
255,Medicine 255,4,Lab 4,89,0.105,0.57,0.44,2,58
256,Medicine 256,1,Lab 1,403,0.025,0.16,0.29,7,190
257,Medicine 257,4,Lab 4,89,0.021,0.43,0.5,6,80
258,Medicine 258,1,Lab 1,396,0.074,0.93,0.14,4,186
259,Medicine 259,14,Lab 14,286,0.159,0.63,0.84,2,122
260,Medicine 260,16,Lab 16,338,0.144,0.58,0.84,1,123
261,Medicine 261,20,Lab 20,311,0.16,0.34,0.63,4,108
262,Medicine 262,8,Lab 8,265,0.108,0.43,0.42,7,126
263,Medicine 263,7,Lab 7,196,0.094,0.91,0.82,6,128
264,Medicine 264,3,Lab 3,385,0.038,0.7,0.6,1,131
265,Medicine 265,17,Lab 17,217,0.072,0.81,0.84,7,132
266,Medicine 266,1,Lab 1,141,0.092,0.51,0.67,3,72
267,Medicine 267,16,Lab 16,402,0.027,0.67,0.81,4,155
268,Medicine 268,12,Lab 12,108,0.052,0.32,0.64,3,91
269,Medicine 269,19,Lab 19,108,0.124,0.73,0.47,7,114
270,Medicine 270,14,Lab 14,353,0.15,0.48,0.96,7,192
271,Medicine 271,6,Lab 6,218,0.2,0.5,0.59,7,116
272,Medicine 272,6,Lab 6,318,0.187,0.68,0.64,2,128
273,Medicine 273,13,Lab 13,412,0.132,0.94,0.3,6,153
274,Medicine 274,19,Lab 19,94,0.09,0.16,0.66,2,64
275,Medicine 275,8,Lab 8,394,0.131,0.84,0.61,6,180
276,Medicine 276,2,Lab 2,230,0.159,0.36,0.27,5,158
277,Medicine 277,1,Lab 1,219,0.032,0.5,0.15,2,110
278,Medicine 278,15,Lab 15,405,0.088,0.12,0.64,3,160
279,Medicine 279,1,Lab 1,240,0.17,0.37,0.79,6,123
280,Medicine 280,5,Lab 5,204,0.083,0.55,0.57,2,115
281,Medicine 281,16,Lab 16,471,0.119,0.15,0.3,4,149
282,Medicine 282,19,Lab 19,237,0.122,0.54,0.7,7,154
283,Medicine 283,4,Lab 4,56,0.045,0.93,0.17,6,46
284,Medicine 284,3,Lab 3,182,0.079,0.19,0.5,6,88
285,Medicine 285,17,Lab 17,284,0.074,0.79,0.25,2,78
286,Medicine 286,17,Lab 17,94,0.015,0.47,0.27,5,82
287,Medicine 287,12,Lab 12,363,0.015,0.69,0.28,2,145
288,Medicine 288,14,Lab 14,298,0.168,0.33,0.45,3,104
289,Medicine 289,6,Lab 6,80,0.062,0.24,0.15,3,26
290,Medicine 290,3,Lab 3,72,0.108,0.24,0.46,6,92
291,Medicine 291,9,Lab 9,475,0.067,0.16,0.56,6,186
292,Medicine 292,5,Lab 5,443,0.189,0.27,0.53,2,139
293,Medicine 293,17,Lab 17,209,0.059,0.7,0.44,3,140
294,Medicine 294,14,Lab 14,412,0.092,0.89,0.86,3,164
295,Medicine 295,3,Lab 3,486,0.176,0.83,0.23,5,208
296,Medicine 296,1,Lab 1,207,0.17,0.72,0.56,4,81
297,Medicine 297,20,Lab 20,88,0.045,0.2,0.16,5,50
298,Medicine 298,1,Lab 1,464,0.163,0.36,0.16,1,158
299,Medicine 299,3,Lab 3,131,0.097,0.38,0.62,7,94
300,Medicine 300,18,Lab 18,405,0.102,0.32,0.61,5,170
301,Medicine 301,10,Lab 10,307,0.035,0.56,0.89,2,127
302,Medicine 302,3,Lab 3,255,0.025,0.58,0.6,4,92
303,Medicine 303,8,Lab 8,126,0.148,0.42,0.96,2,106
304,Medicine 304,14,Lab 14,61,0.104,0.42,0.14,7,51
305,Medicine 305,18,Lab 18,344,0.093,0.85,0.19,1,132
306,Medicine 306,15,Lab 15,499,0.149,0.81,0.14,4,196
307,Medicine 307,2,Lab 2,273,0.155,0.38,0.27,6,126
308,Medicine 308,10,Lab 10,62,0.04,0.92,0.59,3,53
309,Medicine 309,2,Lab 2,95,0.126,0.96,0.68,5,109
310,Medicine 310,17,Lab 17,204,0.036,0.39,0.14,2,91
311,Medicine 311,8,Lab 8,162,0.153,0.42,0.95,1,86
312,Medicine 312,1,Lab 1,282,0.135,0.56,0.86,3,133
313,Medicine 313,9,Lab 9,66,0.192,0.95,0.37,5,98
314,Medicine 314,11,Lab 11,409,0.023,0.89,0.17,3,144
315,Medicine 315,16,Lab 16,272,0.021,0.19,0.25,5,125
316,Medicine 316,7,Lab 7,403,0.064,0.45,0.21,6,152
317,Medicine 317,10,Lab 10,237,0.06,0.6,0.21,4,67
318,Medicine 318,3,Lab 3,497,0.057,0.55,0.57,3,150
319,Medicine 319,18,Lab 18,393,0.182,0.27,0.32,3,118
320,Medicine 320,13,Lab 13,414,0.057,0.87,0.42,3,153
321,Medicine 321,7,Lab 7,212,0.062,0.71,0.99,4,167
322,Medicine 322,4,Lab 4,375,0.154,0.85,0.72,1,162
323,Medicine 323,13,Lab 13,463,0.095,0.87,0.95,5,220
324,Medicine 324,20,Lab 20,123,0.158,0.77,0.23,6,68
325,Medicine 325,1,Lab 1,282,0.022,0.5,0.44,3,122
326,Medicine 326,8,Lab 8,273,0.103,0.65,0.6,7,188
327,Medicine 327,14,Lab 14,368,0.016,0.24,0.17,4,115
328,Medicine 328,16,Lab 16,461,0.022,0.71,0.1,1,168
329,Medicine 329,14,Lab 14,109,0.182,0.26,0.7,5,107
330,Medicine 330,12,Lab 12,384,0.036,0.72,0.68,4,187
331,Medicine 331,19,Lab 19,271,0.111,0.31,0.47,6,162
332,Medicine 332,15,Lab 15,86,0.088,0.21,0.54,6,76
333,Medicine 333,2,Lab 2,327,0.076,0.25,0.47,5,150
334,Medicine 334,2,Lab 2,245,0.181,0.1,0.12,3,87
335,Medicine 335,19,Lab 19,453,0.014,0.75,0.4,6,202
336,Medicine 336,17,Lab 17,401,0.136,0.76,0.26,1,123
337,Medicine 337,20,Lab 20,291,0.193,0.56,0.19,4,130
338,Medicine 338,10,Lab 10,373,0.116,0.25,0.96,1,150
339,Medicine 339,6,Lab 6,268,0.188,0.18,0.64,3,110
340,Medicine 340,15,Lab 15,241,0.02,0.12,0.76,1,136
341,Medicine 341,11,Lab 11,66,0.09,0.25,0.38,1,31
342,Medicine 342,5,Lab 5,61,0.059,0.9,0.45,2,81
343,Medicine 343,1,Lab 1,455,0.149,0.32,0.31,1,175
344,Medicine 344,8,Lab 8,450,0.196,0.42,0.19,5,181
345,Medicine 345,12,Lab 12,443,0.059,0.19,0.26,4,142
346,Medicine 346,12,Lab 12,423,0.134,0.3,0.82,2,167
347,Medicine 347,5,Lab 5,242,0.048,0.57,0.71,4,162
348,Medicine 348,7,Lab 7,71,0.117,0.65,0.59,4,29
349,Medicine 349,4,Lab 4,169,0.098,0.32,0.53,3,79
350,Medicine 350,6,Lab 6,259,0.195,0.15,0.93,3,137
351,Medicine 351,13,Lab 13,355,0.126,0.45,0.17,2,121
352,Medicine 352,20,Lab 20,319,0.076,0.31,0.35,6,154
353,Medicine 353,15,Lab 15,241,0.032,0.3,0.41,7,152
354,Medicine 354,3,Lab 3,224,0.039,0.96,0.8,3,128
355,Medicine 355,8,Lab 8,334,0.053,0.65,0.99,7,185
356,Medicine 356,20,Lab 20,253,0.058,0.6,0.32,3,111
357,Medicine 357,16,Lab 16,213,0.172,0.47,0.89,3,112
358,Medicine 358,13,Lab 13,300,0.117,0.49,0.85,4,181
359,Medicine 359,18,Lab 18,276,0.109,0.59,0.3,2,106
360,Medicine 360,10,Lab 10,485,0.032,0.73,0.46,4,185
361,Medicine 361,19,Lab 19,430,0.173,0.73,0.47,5,194
362,Medicine 362,17,Lab 17,56,0.147,0.25,0.98,4,46
363,Medicine 363,19,Lab 19,78,0.023,0.55,0.26,7,63
364,Medicine 364,5,Lab 5,444,0.144,0.47,0.82,7,182
365,Medicine 365,9,Lab 9,82,0.113,0.88,0.4,5,68
366,Medicine 366,12,Lab 12,183,0.026,0.67,0.76,1,90
367,Medicine 367,1,Lab 1,416,0.097,0.58,0.48,1,164
368,Medicine 368,1,Lab 1,128,0.102,0.2,0.62,5,74
369,Medicine 369,15,Lab 15,465,0.041,0.65,0.85,5,215
370,Medicine 370,2,Lab 2,484,0.19,0.21,0.82,4,201
371,Medicine 371,16,Lab 16,107,0.171,0.4,0.88,5,69
372,Medicine 372,8,Lab 8,75,0.137,0.23,0.15,2,51
373,Medicine 373,13,Lab 13,479,0.098,0.72,0.72,1,198
374,Medicine 374,1,Lab 1,275,0.088,0.29,0.23,1,60
375,Medicine 375,16,Lab 16,334,0.134,0.45,0.47,6,152
376,Medicine 376,7,Lab 7,53,0.114,0.91,0.59,5,60
377,Medicine 377,5,Lab 5,148,0.022,0.28,0.46,3,103
378,Medicine 378,3,Lab 3,446,0.107,0.56,0.57,3,161
379,Medicine 379,12,Lab 12,88,0.163,0.48,1.0,5,56
380,Medicine 380,16,Lab 16,320,0.097,0.12,0.22,2,109
381,Medicine 381,19,Lab 19,424,0.02,0.81,0.71,3,160
382,Medicine 382,5,Lab 5,334,0.159,0.16,0.46,6,156
383,Medicine 383,14,Lab 14,206,0.048,0.53,0.22,7,95
384,Medicine 384,5,Lab 5,124,0.059,0.6,0.24,5,78
385,Medicine 385,15,Lab 15,421,0.041,0.67,0.95,2,207
386,Medicine 386,17,Lab 17,337,0.073,0.72,0.89,2,170
387,Medicine 387,14,Lab 14,179,0.154,0.33,0.92,4,109
388,Medicine 388,20,Lab 20,224,0.109,0.11,0.99,2,101
389,Medicine 389,5,Lab 5,133,0.049,0.75,0.29,3,83
390,Medicine 390,12,Lab 12,71,0.177,0.58,0.42,7,85
391,Medicine 391,16,Lab 16,76,0.177,0.85,0.7,3,47
392,Medicine 392,16,Lab 16,244,0.175,0.84,0.54,5,139
393,Medicine 393,7,Lab 7,386,0.055,0.86,0.48,7,157
394,Medicine 394,4,Lab 4,431,0.096,0.54,0.42,5,184
395,Medicine 395,1,Lab 1,285,0.197,0.4,0.63,2,90
396,Medicine 396,5,Lab 5,489,0.157,0.81,0.62,6,242
397,Medicine 397,10,Lab 10,141,0.015,0.51,0.25,1,79
398,Medicine 398,5,Lab 5,70,0.022,0.27,0.52,7,44
399,Medicine 399,4,Lab 4,352,0.098,0.87,0.6,4,156
400,Medicine 400,2,Lab 2,406,0.183,0.89,0.61,1,143
401,Medicine 401,20,Lab 20,492,0.112,0.52,0.29,2,158
402,Medicine 402,10,Lab 10,133,0.105,0.17,0.77,2,74
403,Medicine 403,19,Lab 19,311,0.03,0.45,0.12,1,90
404,Medicine 404,1,Lab 1,196,0.135,0.82,0.42,4,116
405,Medicine 405,5,Lab 5,490,0.166,0.91,0.8,7,229
406,Medicine 406,13,Lab 13,436,0.082,0.28,0.61,7,192
407,Medicine 407,4,Lab 4,306,0.157,0.16,0.34,1,101
408,Medicine 408,16,Lab 16,107,0.193,0.89,0.73,5,100
409,Medicine 409,16,Lab 16,429,0.049,0.45,0.61,3,184
410,Medicine 410,2,Lab 2,471,0.109,0.59,0.82,6,211
411,Medicine 411,17,Lab 17,64,0.065,0.97,0.76,5,56
412,Medicine 412,20,Lab 20,211,0.161,0.16,0.65,7,97
413,Medicine 413,12,Lab 12,494,0.12,0.68,0.54,3,181
414,Medicine 414,18,Lab 18,212,0.131,0.17,0.22,6,67
415,Medicine 415,3,Lab 3,369,0.162,0.44,0.34,6,156
416,Medicine 416,1,Lab 1,330,0.085,0.82,0.48,6,183
417,Medicine 417,1,Lab 1,329,0.184,0.49,0.64,2,153
418,Medicine 418,19,Lab 19,61,0.111,1.0,0.56,6,94
419,Medicine 419,11,Lab 11,323,0.04,0.6,0.36,4,152
420,Medicine 420,5,Lab 5,320,0.142,0.39,0.11,1,149
421,Medicine 421,12,Lab 12,257,0.161,0.3,0.55,7,143
422,Medicine 422,3,Lab 3,76,0.07,0.42,0.36,4,77
423,Medicine 423,1,Lab 1,121,0.173,0.44,0.76,1,35
424,Medicine 424,1,Lab 1,109,0.182,0.16,0.12,5,82
425,Medicine 425,8,Lab 8,479,0.063,0.43,0.63,5,201
426,Medicine 426,10,Lab 10,194,0.197,0.52,0.95,1,90
427,Medicine 427,11,Lab 11,142,0.037,0.75,0.26,4,76
428,Medicine 428,12,Lab 12,358,0.048,0.69,0.52,1,128
429,Medicine 429,13,Lab 13,57,0.045,0.74,0.18,6,90
430,Medicine 430,12,Lab 12,128,0.18,0.11,0.66,2,60
431,Medicine 431,14,Lab 14,76,0.134,0.3,0.6,7,64
432,Medicine 432,2,Lab 2,223,0.039,0.7,0.47,5,102
433,Medicine 433,19,Lab 19,99,0.094,0.54,0.57,7,91
434,Medicine 434,18,Lab 18,248,0.127,0.1,0.91,2,100
435,Medicine 435,3,Lab 3,436,0.026,0.82,0.28,6,172
436,Medicine 436,17,Lab 17,398,0.178,0.8,0.12,6,132
437,Medicine 437,8,Lab 8,497,0.163,0.59,0.88,5,223
438,Medicine 438,10,Lab 10,477,0.106,0.16,0.62,5,181
439,Medicine 439,2,Lab 2,230,0.194,0.79,0.9,6,110
440,Medicine 440,19,Lab 19,73,0.089,0.63,0.64,3,58
441,Medicine 441,9,Lab 9,365,0.197,0.8,0.83,7,186
442,Medicine 442,7,Lab 7,427,0.137,0.78,0.49,2,162
443,Medicine 443,4,Lab 4,436,0.131,0.82,0.77,7,202
444,Medicine 444,18,Lab 18,453,0.042,0.57,0.92,2,183
445,Medicine 445,13,Lab 13,95,0.178,0.23,0.61,3,31
446,Medicine 446,11,Lab 11,64,0.091,0.7,0.26,4,75
447,Medicine 447,4,Lab 4,202,0.041,0.66,0.34,2,57
448,Medicine 448,4,Lab 4,271,0.012,0.77,0.28,7,148
449,Medicine 449,10,Lab 10,255,0.116,0.25,0.32,1,102
450,Medicine 450,5,Lab 5,322,0.11,0.28,0.38,6,133
451,Medicine 451,9,Lab 9,431,0.147,0.9,0.6,6,195
452,Medicine 452,3,Lab 3,285,0.179,0.77,0.63,3,120
453,Medicine 453,17,Lab 17,389,0.025,0.92,0.48,2,165
454,Medicine 454,3,Lab 3,277,0.149,0.78,0.65,4,150
455,Medicine 455,16,Lab 16,58,0.046,0.64,0.17,2,27
456,Medicine 456,4,Lab 4,215,0.173,0.69,0.18,6,118
457,Medicine 457,18,Lab 18,481,0.166,0.9,0.25,5,220
458,Medicine 458,17,Lab 17,493,0.113,0.62,0.57,1,182
459,Medicine 459,7,Lab 7,368,0.145,0.67,0.29,3,130
460,Medicine 460,5,Lab 5,263,0.07,0.24,0.35,5,160
461,Medicine 461,12,Lab 12,166,0.1,0.53,0.46,7,105
462,Medicine 462,17,Lab 17,435,0.166,0.74,0.83,4,186
463,Medicine 463,13,Lab 13,393,0.097,0.34,0.11,5,153
464,Medicine 464,3,Lab 3,121,0.078,0.28,0.68,7,102
465,Medicine 465,9,Lab 9,444,0.104,0.38,0.7,5,174
466,Medicine 466,17,Lab 17,113,0.167,0.32,0.82,4,80
467,Medicine 467,17,Lab 17,254,0.074,0.29,0.94,5,150
468,Medicine 468,20,Lab 20,258,0.043,0.48,0.12,3,95
469,Medicine 469,16,Lab 16,121,0.145,0.92,0.24,6,76
470,Medicine 470,13,Lab 13,326,0.167,0.56,0.9,2,131
471,Medicine 471,19,Lab 19,323,0.029,0.27,0.51,5,119
472,Medicine 472,17,Lab 17,369,0.056,0.17,0.61,3,130
473,Medicine 473,4,Lab 4,387,0.037,0.73,0.7,2,145
474,Medicine 474,12,Lab 12,415,0.076,0.44,0.71,7,185
475,Medicine 475,9,Lab 9,144,0.096,0.84,0.94,2,110
476,Medicine 476,19,Lab 19,215,0.152,0.69,1.0,7,164
477,Medicine 477,12,Lab 12,81,0.134,0.82,0.75,5,82
478,Medicine 478,9,Lab 9,60,0.128,0.34,0.36,3,53
479,Medicine 479,7,Lab 7,350,0.077,0.72,0.89,6,177
480,Medicine 480,14,Lab 14,266,0.17,0.34,0.14,5,65
481,Medicine 481,20,Lab 20,338,0.1,0.95,0.31,7,136
482,Medicine 482,19,Lab 19,151,0.196,0.67,0.91,4,111
483,Medicine 483,15,Lab 15,474,0.13,0.39,0.33,2,180
484,Medicine 484,16,Lab 16,441,0.034,0.34,0.3,5,188
485,Medicine 485,5,Lab 5,316,0.138,0.27,0.22,7,131
486,Medicine 486,3,Lab 3,263,0.072,0.73,0.87,2,86
487,Medicine 487,12,Lab 12,228,0.14,0.3,0.55,7,98
488,Medicine 488,20,Lab 20,137,0.023,0.64,0.71,3,71
489,Medicine 489,4,Lab 4,90,0.043,0.34,0.32,1,58
490,Medicine 490,16,Lab 16,450,0.173,0.7,0.78,5,181
491,Medicine 491,7,Lab 7,125,0.053,0.83,0.78,6,138
492,Medicine 492,13,Lab 13,426,0.169,0.8,0.38,5,201
493,Medicine 493,10,Lab 10,95,0.063,0.78,0.47,2,98
494,Medicine 494,7,Lab 7,209,0.132,0.27,0.29,3,66
495,Medicine 495,14,Lab 14,129,0.142,0.18,0.98,7,109
496,Medicine 496,5,Lab 5,359,0.107,0.73,0.68,4,147
497,Medicine 497,3,Lab 3,135,0.068,0.43,0.94,6,110
498,Medicine 498,11,Lab 11,141,0.05,0.49,0.37,3,59
499,Medicine 499,11,Lab 11,197,0.016,0.13,0.8,5,134
500,Medicine 500,18,Lab 18,210,0.068,0.33,0.79,4,94
501,Medicine 501,15,Lab 15,251,0.134,0.13,0.72,3,68
502,Medicine 502,12,Lab 12,473,0.188,0.89,0.97,1,225
503,Medicine 503,9,Lab 9,465,0.176,0.32,0.45,6,189
504,Medicine 504,10,Lab 10,291,0.156,0.6,0.22,2,86
505,Medicine 505,12,Lab 12,402,0.16,0.14,0.7,3,148
506,Medicine 506,17,Lab 17,51,0.136,0.7,0.76,3,48
507,Medicine 507,6,Lab 6,274,0.059,0.39,0.62,1,110
508,Medicine 508,7,Lab 7,338,0.182,0.91,0.29,5,160
509,Medicine 509,14,Lab 14,282,0.137,0.9,0.55,7,160
510,Medicine 510,13,Lab 13,463,0.116,0.39,0.38,7,192
511,Medicine 511,8,Lab 8,466,0.031,0.91,0.48,6,200
512,Medicine 512,10,Lab 10,126,0.095,1.0,0.68,6,125
513,Medicine 513,9,Lab 9,165,0.097,0.84,0.77,2,56
514,Medicine 514,18,Lab 18,203,0.174,0.86,0.31,3,78
515,Medicine 515,2,Lab 2,455,0.114,0.32,0.46,4,151
516,Medicine 516,5,Lab 5,152,0.082,0.62,0.34,3,99
517,Medicine 517,5,Lab 5,243,0.196,0.16,0.28,7,94
518,Medicine 518,6,Lab 6,215,0.031,0.19,0.81,2,75
519,Medicine 519,19,Lab 19,408,0.09,1.0,0.92,3,191
520,Medicine 520,8,Lab 8,139,0.018,0.39,0.43,1,48
521,Medicine 521,16,Lab 16,223,0.151,0.77,0.78,7,126
522,Medicine 522,13,Lab 13,171,0.184,0.83,0.91,3,148
523,Medicine 523,1,Lab 1,192,0.063,0.87,0.86,3,128
524,Medicine 524,20,Lab 20,155,0.173,1.0,0.26,7,96
525,Medicine 525,17,Lab 17,424,0.066,0.32,0.96,4,176
526,Medicine 526,7,Lab 7,477,0.183,0.14,0.44,7,203
527,Medicine 527,13,Lab 13,354,0.153,0.47,0.41,1,138
528,Medicine 528,4,Lab 4,409,0.163,0.22,0.16,1,130
529,Medicine 529,4,Lab 4,366,0.013,0.12,0.54,3,144
530,Medicine 530,6,Lab 6,172,0.193,0.42,0.2,6,56
531,Medicine 531,19,Lab 19,439,0.148,0.81,0.32,4,136
532,Medicine 532,12,Lab 12,58,0.068,0.61,0.39,3,49
533,Medicine 533,7,Lab 7,311,0.168,0.38,0.83,7,139
534,Medicine 534,10,Lab 10,122,0.063,0.69,0.89,3,100
535,Medicine 535,19,Lab 19,408,0.176,0.31,0.37,2,144
536,Medicine 536,7,Lab 7,272,0.031,0.11,0.87,2,102
537,Medicine 537,3,Lab 3,465,0.144,0.79,0.87,6,207
538,Medicine 538,13,Lab 13,90,0.113,0.66,0.79,4,69
539,Medicine 539,13,Lab 13,419,0.028,0.79,0.23,5,213
540,Medicine 540,18,Lab 18,253,0.056,0.14,0.72,2,115
541,Medicine 541,20,Lab 20,313,0.012,0.85,0.95,5,132
542,Medicine 542,8,Lab 8,377,0.099,0.66,0.71,1,184
543,Medicine 543,9,Lab 9,227,0.067,0.61,0.4,2,86
544,Medicine 544,7,Lab 7,397,0.124,0.66,0.55,2,133
545,Medicine 545,1,Lab 1,367,0.066,0.88,0.68,4,207
546,Medicine 546,3,Lab 3,133,0.067,0.63,0.56,6,102
547,Medicine 547,13,Lab 13,367,0.151,0.62,0.21,5,160
548,Medicine 548,17,Lab 17,160,0.019,0.99,0.38,7,127
549,Medicine 549,1,Lab 1,300,0.182,0.78,0.82,2,126
550,Medicine 550,6,Lab 6,432,0.172,0.5,0.88,2,155
551,Medicine 551,6,Lab 6,56,0.137,0.74,0.22,4,43
552,Medicine 552,12,Lab 12,133,0.123,0.45,0.96,4,123
553,Medicine 553,13,Lab 13,257,0.18,0.31,0.4,6,120
554,Medicine 554,13,Lab 13,437,0.045,0.64,0.7,5,213
555,Medicine 555,15,Lab 15,439,0.025,0.94,0.78,1,176
556,Medicine 556,16,Lab 16,363,0.056,0.94,0.83,7,169
557,Medicine 557,11,Lab 11,71,0.161,0.41,0.95,6,51
558,Medicine 558,5,Lab 5,459,0.017,0.57,0.38,1,177
559,Medicine 559,4,Lab 4,432,0.121,0.29,0.87,3,204
560,Medicine 560,3,Lab 3,52,0.199,1.0,0.22,2,24
561,Medicine 561,19,Lab 19,176,0.173,0.98,0.73,5,120
562,Medicine 562,20,Lab 20,346,0.109,0.68,0.77,6,137
563,Medicine 563,18,Lab 18,237,0.022,0.82,0.71,2,106
564,Medicine 564,15,Lab 15,411,0.168,0.74,0.33,5,169
565,Medicine 565,9,Lab 9,63,0.124,0.63,0.89,5,42
566,Medicine 566,17,Lab 17,61,0.032,0.15,0.25,5,51
567,Medicine 567,14,Lab 14,136,0.028,0.51,0.15,2,47
568,Medicine 568,15,Lab 15,61,0.183,0.71,0.75,6,87
569,Medicine 569,1,Lab 1,446,0.137,0.71,0.53,7,188
570,Medicine 570,3,Lab 3,74,0.168,0.44,0.86,4,87
571,Medicine 571,16,Lab 16,350,0.177,0.95,0.45,2,133
572,Medicine 572,11,Lab 11,292,0.119,0.25,0.25,5,91
573,Medicine 573,12,Lab 12,171,0.108,0.55,0.85,6,82
574,Medicine 574,10,Lab 10,196,0.092,0.72,0.59,7,83
575,Medicine 575,16,Lab 16,104,0.07,0.73,0.27,3,78
576,Medicine 576,8,Lab 8,287,0.093,0.68,0.75,1,173
577,Medicine 577,6,Lab 6,405,0.157,0.35,0.56,5,171
578,Medicine 578,12,Lab 12,222,0.124,0.24,0.64,3,132
579,Medicine 579,8,Lab 8,441,0.18,0.67,0.51,4,194
580,Medicine 580,4,Lab 4,270,0.094,0.64,0.85,7,139
581,Medicine 581,8,Lab 8,168,0.125,0.26,0.85,7,135
582,Medicine 582,18,Lab 18,358,0.13,0.73,0.74,5,153
583,Medicine 583,5,Lab 5,232,0.122,0.51,0.19,7,105
584,Medicine 584,9,Lab 9,337,0.144,0.7,0.85,3,144
585,Medicine 585,4,Lab 4,356,0.055,0.85,0.7,5,163
586,Medicine 586,17,Lab 17,349,0.107,0.25,0.73,2,149
587,Medicine 587,9,Lab 9,131,0.03,0.12,0.43,6,69
588,Medicine 588,1,Lab 1,451,0.083,0.8,0.89,3,206
589,Medicine 589,20,Lab 20,260,0.103,0.65,0.75,6,155
590,Medicine 590,13,Lab 13,199,0.134,0.73,0.2,2,90
591,Medicine 591,16,Lab 16,86,0.191,0.85,0.47,2,96
592,Medicine 592,13,Lab 13,401,0.124,0.82,0.9,6,213
593,Medicine 593,14,Lab 14,361,0.151,0.96,0.14,3,160
594,Medicine 594,3,Lab 3,410,0.106,0.58,0.97,6,189
595,Medicine 595,6,Lab 6,108,0.13,0.54,0.71,6,95
596,Medicine 596,18,Lab 18,180,0.023,0.46,0.67,1,97
597,Medicine 597,19,Lab 19,461,0.058,0.24,0.34,3,165
598,Medicine 598,5,Lab 5,251,0.079,0.62,0.32,1,90
599,Medicine 599,15,Lab 15,292,0.1,0.35,0.95,5,94
600,Medicine 600,2,Lab 2,84,0.019,0.93,0.37,7,103
601,Medicine 601,10,Lab 10,494,0.037,0.62,0.8,6,233
602,Medicine 602,18,Lab 18,142,0.063,0.63,0.45,5,67
603,Medicine 603,13,Lab 13,487,0.195,0.42,0.23,3,178
604,Medicine 604,5,Lab 5,496,0.073,0.15,0.11,6,169
605,Medicine 605,1,Lab 1,256,0.102,0.13,0.59,7,119
606,Medicine 606,1,Lab 1,402,0.047,0.48,0.98,5,208
607,Medicine 607,18,Lab 18,440,0.126,0.18,0.43,4,142
608,Medicine 608,15,Lab 15,381,0.063,0.65,0.42,2,126
609,Medicine 609,17,Lab 17,354,0.049,0.89,0.41,6,199
610,Medicine 610,11,Lab 11,399,0.108,0.89,0.57,7,181
611,Medicine 611,17,Lab 17,262,0.011,0.69,0.5,2,141
612,Medicine 612,13,Lab 13,208,0.011,0.29,0.89,1,67
613,Medicine 613,1,Lab 1,491,0.052,0.88,0.55,5,173
614,Medicine 614,2,Lab 2,494,0.017,0.9,0.56,1,168
615,Medicine 615,9,Lab 9,73,0.031,0.28,0.22,7,57
616,Medicine 616,3,Lab 3,453,0.074,0.76,0.98,6,178
617,Medicine 617,1,Lab 1,342,0.162,0.36,0.32,2,128
618,Medicine 618,16,Lab 16,53,0.119,0.82,0.17,2,50
619,Medicine 619,6,Lab 6,269,0.107,1.0,0.7,5,123
620,Medicine 620,17,Lab 17,413,0.066,0.13,0.64,6,156
621,Medicine 621,5,Lab 5,431,0.187,0.91,0.47,4,158
622,Medicine 622,5,Lab 5,69,0.085,0.66,0.48,4,40
623,Medicine 623,6,Lab 6,493,0.027,0.98,0.81,5,157
624,Medicine 624,3,Lab 3,201,0.127,0.52,0.28,6,101
625,Medicine 625,5,Lab 5,99,0.032,0.86,0.84,5,86
626,Medicine 626,5,Lab 5,226,0.076,0.16,0.68,6,111
627,Medicine 627,10,Lab 10,484,0.106,0.4,0.48,7,177
628,Medicine 628,10,Lab 10,145,0.176,0.16,0.51,7,104
629,Medicine 629,19,Lab 19,154,0.104,0.98,0.33,1,124
630,Medicine 630,17,Lab 17,469,0.143,0.84,0.78,5,182
631,Medicine 631,14,Lab 14,299,0.199,0.87,0.56,6,171
632,Medicine 632,9,Lab 9,166,0.035,0.94,0.39,4,105
633,Medicine 633,14,Lab 14,403,0.062,0.18,0.64,6,171
634,Medicine 634,1,Lab 1,277,0.085,0.45,1.0,7,145
635,Medicine 635,19,Lab 19,115,0.09,0.16,0.49,6,76
636,Medicine 636,13,Lab 13,384,0.088,0.29,0.93,5,192
637,Medicine 637,13,Lab 13,467,0.182,0.31,0.41,1,131
638,Medicine 638,4,Lab 4,469,0.146,0.52,0.15,1,147
639,Medicine 639,1,Lab 1,311,0.126,0.34,0.28,1,132
640,Medicine 640,17,Lab 17,344,0.069,0.19,0.48,1,142
641,Medicine 641,8,Lab 8,475,0.167,0.25,0.3,7,160
642,Medicine 642,2,Lab 2,292,0.191,0.23,0.1,3,96
643,Medicine 643,8,Lab 8,420,0.166,0.98,0.92,5,204
644,Medicine 644,7,Lab 7,235,0.01,0.78,0.86,2,134
645,Medicine 645,2,Lab 2,295,0.131,0.97,0.77,5,168
646,Medicine 646,3,Lab 3,174,0.02,0.5,0.25,3,91
647,Medicine 647,18,Lab 18,317,0.059,0.35,0.21,1,121
648,Medicine 648,12,Lab 12,180,0.021,0.82,0.16,3,96
649,Medicine 649,1,Lab 1,286,0.125,0.39,0.75,4,161
650,Medicine 650,12,Lab 12,67,0.14,0.37,0.94,4,60
651,Medicine 651,5,Lab 5,89,0.032,0.31,0.49,7,81
652,Medicine 652,17,Lab 17,70,0.083,0.22,0.21,5,32
653,Medicine 653,16,Lab 16,448,0.097,0.33,0.56,5,153
654,Medicine 654,15,Lab 15,274,0.08,0.42,0.41,2,115
655,Medicine 655,15,Lab 15,404,0.033,0.71,0.44,7,167
656,Medicine 656,5,Lab 5,331,0.09,0.16,0.66,2,126
657,Medicine 657,14,Lab 14,57,0.153,0.29,0.75,4,90
658,Medicine 658,2,Lab 2,149,0.023,0.83,0.2,1,102
659,Medicine 659,11,Lab 11,289,0.025,0.23,0.13,3,153
660,Medicine 660,19,Lab 19,136,0.077,0.41,0.99,2,117
661,Medicine 661,7,Lab 7,347,0.189,0.88,0.31,6,199
662,Medicine 662,6,Lab 6,477,0.137,0.24,0.15,2,164
663,Medicine 663,2,Lab 2,63,0.139,0.17,0.27,1,10
664,Medicine 664,6,Lab 6,383,0.079,0.54,0.14,1,110
665,Medicine 665,18,Lab 18,51,0.123,0.37,0.45,5,82
666,Medicine 666,2,Lab 2,424,0.012,0.61,0.82,3,179
667,Medicine 667,18,Lab 18,342,0.131,0.82,0.41,1,132
668,Medicine 668,15,Lab 15,374,0.184,0.22,0.5,7,146
669,Medicine 669,19,Lab 19,471,0.126,0.62,0.71,2,170
670,Medicine 670,2,Lab 2,90,0.176,0.55,0.56,2,63
671,Medicine 671,20,Lab 20,367,0.148,0.23,0.88,4,132
672,Medicine 672,6,Lab 6,365,0.033,0.66,0.88,1,157
673,Medicine 673,1,Lab 1,430,0.181,0.35,0.11,6,190
674,Medicine 674,15,Lab 15,160,0.023,0.54,0.8,5,63
675,Medicine 675,10,Lab 10,63,0.111,0.17,0.51,3,16
676,Medicine 676,19,Lab 19,280,0.037,0.51,0.99,6,165
677,Medicine 677,17,Lab 17,133,0.012,0.38,0.53,5,115
678,Medicine 678,5,Lab 5,179,0.09,0.84,0.99,2,95
679,Medicine 679,4,Lab 4,280,0.066,0.15,0.78,6,97
680,Medicine 680,10,Lab 10,375,0.102,0.48,0.32,5,180
681,Medicine 681,17,Lab 17,194,0.12,0.51,0.58,2,73
682,Medicine 682,10,Lab 10,428,0.018,0.75,0.99,2,174
683,Medicine 683,17,Lab 17,394,0.033,0.62,0.87,2,171
684,Medicine 684,20,Lab 20,77,0.116,0.7,0.19,2,33
685,Medicine 685,5,Lab 5,115,0.075,0.8,0.74,7,86
686,Medicine 686,2,Lab 2,212,0.149,0.88,0.41,2,78
687,Medicine 687,6,Lab 6,278,0.134,0.38,0.11,4,144
688,Medicine 688,2,Lab 2,310,0.171,0.58,0.46,6,163
689,Medicine 689,13,Lab 13,498,0.142,0.86,0.31,5,205
690,Medicine 690,11,Lab 11,473,0.092,0.99,0.84,4,158
691,Medicine 691,11,Lab 11,489,0.138,0.9,0.4,7,216
692,Medicine 692,16,Lab 16,213,0.062,0.43,0.84,4,125
693,Medicine 693,11,Lab 11,350,0.068,0.28,0.1,1,89
694,Medicine 694,19,Lab 19,456,0.16,0.54,0.38,1,161
695,Medicine 695,15,Lab 15,352,0.095,0.77,0.32,1,151
696,Medicine 696,16,Lab 16,336,0.162,0.54,0.31,3,139
697,Medicine 697,11,Lab 11,444,0.166,0.53,0.16,1,131
698,Medicine 698,16,Lab 16,59,0.173,0.85,0.27,5,59
699,Medicine 699,8,Lab 8,244,0.184,0.43,0.6,4,125
700,Medicine 700,4,Lab 4,167,0.092,0.87,0.36,5,99
701,Medicine 701,8,Lab 8,319,0.071,0.47,0.48,6,171
702,Medicine 702,4,Lab 4,129,0.121,0.4,0.44,1,66
703,Medicine 703,3,Lab 3,142,0.081,0.51,0.89,7,125
704,Medicine 704,3,Lab 3,315,0.124,0.79,0.91,3,162
705,Medicine 705,18,Lab 18,381,0.144,0.21,0.54,6,136
706,Medicine 706,19,Lab 19,399,0.141,0.28,0.4,7,166
707,Medicine 707,19,Lab 19,410,0.081,0.96,0.2,3,152
708,Medicine 708,5,Lab 5,306,0.042,0.26,0.96,6,174
709,Medicine 709,18,Lab 18,182,0.092,0.61,0.15,4,95
710,Medicine 710,10,Lab 10,325,0.037,0.62,0.37,5,140
711,Medicine 711,6,Lab 6,313,0.179,0.54,0.37,2,91
712,Medicine 712,1,Lab 1,220,0.076,0.68,0.39,5,80
713,Medicine 713,5,Lab 5,50,0.039,0.31,0.25,1,37
714,Medicine 714,9,Lab 9,362,0.015,0.6,0.8,7,164
715,Medicine 715,12,Lab 12,113,0.133,0.43,0.21,2,65
716,Medicine 716,14,Lab 14,423,0.131,0.7,0.67,3,136
717,Medicine 717,2,Lab 2,333,0.075,0.23,0.21,4,158
718,Medicine 718,17,Lab 17,170,0.024,0.61,0.16,4,100
719,Medicine 719,14,Lab 14,156,0.088,0.27,0.92,3,92
720,Medicine 720,13,Lab 13,470,0.069,0.35,0.27,1,191
721,Medicine 721,9,Lab 9,224,0.139,0.3,0.84,3,125
722,Medicine 722,15,Lab 15,253,0.125,0.26,0.59,6,113
723,Medicine 723,15,Lab 15,214,0.079,0.84,0.17,7,118
724,Medicine 724,11,Lab 11,354,0.051,0.36,0.96,7,135
725,Medicine 725,16,Lab 16,169,0.198,0.93,0.32,1,95
726,Medicine 726,17,Lab 17,93,0.096,0.97,0.87,2,72
727,Medicine 727,4,Lab 4,361,0.141,0.61,0.25,3,96
728,Medicine 728,1,Lab 1,205,0.037,0.23,0.87,1,71
729,Medicine 729,8,Lab 8,416,0.102,0.44,0.11,7,184
730,Medicine 730,17,Lab 17,256,0.015,0.82,0.56,2,151
731,Medicine 731,3,Lab 3,439,0.106,0.43,0.79,3,174
732,Medicine 732,20,Lab 20,157,0.193,0.18,0.94,4,69
733,Medicine 733,15,Lab 15,300,0.083,0.6,0.92,3,112
734,Medicine 734,15,Lab 15,494,0.017,0.86,0.84,5,243
735,Medicine 735,14,Lab 14,453,0.016,0.82,0.9,3,202
736,Medicine 736,14,Lab 14,419,0.084,0.26,0.28,5,153
737,Medicine 737,2,Lab 2,383,0.04,0.71,0.36,2,136
738,Medicine 738,13,Lab 13,179,0.014,0.3,0.36,3,98
739,Medicine 739,14,Lab 14,342,0.154,0.3,0.44,2,136
740,Medicine 740,19,Lab 19,69,0.097,0.89,0.45,2,39
741,Medicine 741,7,Lab 7,331,0.065,0.32,0.59,7,132
742,Medicine 742,3,Lab 3,334,0.181,0.34,0.24,1,88
743,Medicine 743,15,Lab 15,50,0.032,0.1,0.72,2,37
744,Medicine 744,14,Lab 14,168,0.192,0.88,0.25,2,62
745,Medicine 745,11,Lab 11,84,0.07,0.81,0.38,7,116
746,Medicine 746,15,Lab 15,247,0.179,0.66,0.55,7,119
747,Medicine 747,13,Lab 13,294,0.125,0.78,0.82,3,112
748,Medicine 748,18,Lab 18,108,0.167,0.24,0.77,7,63
749,Medicine 749,6,Lab 6,374,0.197,0.51,0.68,3,144
750,Medicine 750,3,Lab 3,210,0.065,0.42,0.24,4,58
751,Medicine 751,19,Lab 19,228,0.193,0.18,0.59,7,113
752,Medicine 752,15,Lab 15,255,0.084,0.54,0.18,1,66
753,Medicine 753,5,Lab 5,61,0.083,0.93,0.44,2,79
754,Medicine 754,10,Lab 10,325,0.075,0.14,0.47,1,117
755,Medicine 755,7,Lab 7,230,0.113,0.36,0.14,5,142
756,Medicine 756,17,Lab 17,291,0.039,0.29,0.35,7,132
757,Medicine 757,7,Lab 7,265,0.115,0.31,0.96,2,56
758,Medicine 758,12,Lab 12,300,0.113,0.92,0.96,1,165
759,Medicine 759,17,Lab 17,348,0.155,0.52,0.42,7,164
760,Medicine 760,13,Lab 13,175,0.168,0.52,0.14,7,106
761,Medicine 761,20,Lab 20,266,0.094,0.78,0.26,4,98
762,Medicine 762,4,Lab 4,355,0.067,0.24,0.45,4,140
763,Medicine 763,10,Lab 10,334,0.059,0.54,0.95,2,150
764,Medicine 764,3,Lab 3,234,0.047,0.49,0.23,5,104
765,Medicine 765,9,Lab 9,88,0.021,0.64,0.79,4,47
766,Medicine 766,13,Lab 13,272,0.075,1.0,0.2,4,179
767,Medicine 767,18,Lab 18,233,0.061,0.79,0.98,5,153
768,Medicine 768,15,Lab 15,476,0.194,0.46,0.44,1,168
769,Medicine 769,4,Lab 4,227,0.116,0.84,0.8,4,149
770,Medicine 770,15,Lab 15,456,0.076,0.25,0.41,3,178
771,Medicine 771,2,Lab 2,477,0.12,0.13,0.66,6,175
772,Medicine 772,15,Lab 15,343,0.036,0.28,0.27,6,169
773,Medicine 773,8,Lab 8,389,0.094,0.41,0.23,4,164
774,Medicine 774,8,Lab 8,200,0.129,0.56,0.94,1,85
775,Medicine 775,17,Lab 17,433,0.103,0.65,0.93,7,216
776,Medicine 776,12,Lab 12,175,0.086,0.92,0.9,1,93
777,Medicine 777,19,Lab 19,350,0.199,0.56,0.66,2,140
778,Medicine 778,10,Lab 10,357,0.177,0.55,0.83,3,161
779,Medicine 779,9,Lab 9,385,0.128,0.15,0.16,1,149
780,Medicine 780,5,Lab 5,483,0.118,0.13,0.4,5,165
781,Medicine 781,6,Lab 6,283,0.128,0.6,0.38,3,124
782,Medicine 782,20,Lab 20,429,0.048,0.49,0.67,6,226
783,Medicine 783,2,Lab 2,424,0.085,0.86,0.42,3,164
784,Medicine 784,13,Lab 13,57,0.017,0.24,0.23,5,56
785,Medicine 785,6,Lab 6,390,0.1,0.12,0.64,4,193
786,Medicine 786,5,Lab 5,178,0.113,0.5,0.83,5,120
787,Medicine 787,1,Lab 1,313,0.053,0.31,0.44,5,106
788,Medicine 788,6,Lab 6,206,0.193,0.14,0.22,4,65
789,Medicine 789,6,Lab 6,401,0.183,0.75,0.28,4,168
790,Medicine 790,16,Lab 16,407,0.147,0.2,0.31,4,156
791,Medicine 791,4,Lab 4,54,0.111,0.65,0.37,4,58
792,Medicine 792,11,Lab 11,135,0.175,0.35,0.68,4,122
793,Medicine 793,9,Lab 9,224,0.035,0.26,0.64,5,102
794,Medicine 794,3,Lab 3,339,0.16,0.44,0.73,2,132
795,Medicine 795,19,Lab 19,242,0.034,0.82,0.43,2,70
796,Medicine 796,8,Lab 8,360,0.161,0.45,0.84,1,162
797,Medicine 797,5,Lab 5,168,0.062,0.78,0.28,2,65
798,Medicine 798,4,Lab 4,267,0.177,0.21,0.52,6,142
799,Medicine 799,6,Lab 6,476,0.189,0.8,0.82,2,202
800,Medicine 800,2,Lab 2,463,0.038,0.31,0.26,5,222
801,Medicine 801,20,Lab 20,163,0.098,0.71,0.2,4,97
802,Medicine 802,11,Lab 11,194,0.196,0.61,0.9,4,100
803,Medicine 803,4,Lab 4,75,0.102,0.94,0.41,7,92
804,Medicine 804,15,Lab 15,185,0.174,0.45,0.72,7,97
805,Medicine 805,6,Lab 6,352,0.122,0.16,0.12,7,147
806,Medicine 806,17,Lab 17,281,0.081,0.12,0.72,5,125
807,Medicine 807,6,Lab 6,418,0.064,0.84,0.38,6,178
808,Medicine 808,19,Lab 19,125,0.049,0.57,0.15,2,42
809,Medicine 809,2,Lab 2,377,0.155,0.8,0.65,5,171
810,Medicine 810,15,Lab 15,394,0.083,0.31,0.32,1,151
811,Medicine 811,11,Lab 11,351,0.107,0.41,0.45,4,108
812,Medicine 812,8,Lab 8,338,0.104,0.13,0.17,7,125
813,Medicine 813,19,Lab 19,50,0.12,0.97,0.23,3,53
814,Medicine 814,13,Lab 13,196,0.174,0.7,0.37,1,33
815,Medicine 815,12,Lab 12,336,0.196,0.94,0.18,7,185
816,Medicine 816,5,Lab 5,191,0.087,0.34,0.92,6,103
817,Medicine 817,6,Lab 6,102,0.167,0.65,0.11,1,24
818,Medicine 818,4,Lab 4,353,0.155,0.71,0.54,5,149
819,Medicine 819,19,Lab 19,118,0.119,0.39,0.21,2,56
820,Medicine 820,20,Lab 20,410,0.192,0.86,0.38,4,146
821,Medicine 821,1,Lab 1,139,0.048,0.95,0.93,6,135
822,Medicine 822,20,Lab 20,495,0.031,0.9,0.25,6,210
823,Medicine 823,17,Lab 17,269,0.172,0.77,0.97,3,114
824,Medicine 824,12,Lab 12,499,0.093,0.35,0.29,1,155
825,Medicine 825,15,Lab 15,241,0.171,0.35,0.77,3,78
826,Medicine 826,1,Lab 1,112,0.18,0.97,0.59,2,46
827,Medicine 827,14,Lab 14,122,0.022,0.11,0.9,7,107
828,Medicine 828,6,Lab 6,210,0.178,0.74,0.6,2,80
829,Medicine 829,5,Lab 5,218,0.095,0.74,0.58,7,163
830,Medicine 830,11,Lab 11,138,0.107,0.66,0.28,3,74
831,Medicine 831,4,Lab 4,225,0.129,0.99,0.25,4,81
832,Medicine 832,13,Lab 13,318,0.186,0.38,0.92,2,108
833,Medicine 833,11,Lab 11,122,0.014,0.41,0.4,3,92
834,Medicine 834,3,Lab 3,294,0.101,0.17,0.43,1,102
835,Medicine 835,1,Lab 1,126,0.141,0.5,0.78,3,98
836,Medicine 836,6,Lab 6,208,0.147,0.33,0.4,3,81
837,Medicine 837,18,Lab 18,373,0.142,0.41,0.96,5,155
838,Medicine 838,10,Lab 10,147,0.036,0.85,0.76,2,114
839,Medicine 839,5,Lab 5,430,0.067,0.94,0.64,4,166
840,Medicine 840,10,Lab 10,151,0.078,0.27,0.89,4,103
841,Medicine 841,12,Lab 12,181,0.163,0.44,0.14,5,79
842,Medicine 842,2,Lab 2,151,0.063,0.94,0.33,7,123
843,Medicine 843,13,Lab 13,68,0.05,0.16,0.52,6,103
844,Medicine 844,8,Lab 8,131,0.192,0.18,0.3,7,69
845,Medicine 845,2,Lab 2,446,0.012,0.25,0.77,4,170
846,Medicine 846,20,Lab 20,328,0.2,0.64,0.93,3,157
847,Medicine 847,1,Lab 1,388,0.139,0.24,0.48,5,132
848,Medicine 848,5,Lab 5,414,0.167,0.97,0.41,1,184
849,Medicine 849,9,Lab 9,380,0.066,0.5,0.97,2,188
850,Medicine 850,17,Lab 17,178,0.013,0.55,0.5,2,68
851,Medicine 851,9,Lab 9,393,0.15,0.32,0.54,2,111
852,Medicine 852,11,Lab 11,359,0.168,0.52,0.42,3,114
853,Medicine 853,15,Lab 15,138,0.151,0.7,0.92,1,57
854,Medicine 854,6,Lab 6,262,0.037,0.78,0.61,5,151
855,Medicine 855,3,Lab 3,192,0.153,0.78,0.79,5,145
856,Medicine 856,17,Lab 17,114,0.156,0.62,0.83,2,89
857,Medicine 857,5,Lab 5,125,0.135,0.91,0.41,1,61
858,Medicine 858,12,Lab 12,248,0.156,0.84,0.49,1,109
859,Medicine 859,18,Lab 18,192,0.171,0.78,0.86,1,78
860,Medicine 860,14,Lab 14,454,0.127,0.15,0.43,4,187
861,Medicine 861,11,Lab 11,452,0.027,0.11,0.81,4,189
862,Medicine 862,9,Lab 9,365,0.103,0.29,0.95,2,164
863,Medicine 863,2,Lab 2,142,0.025,0.7,0.66,1,65
864,Medicine 864,12,Lab 12,466,0.087,0.47,0.77,6,194
865,Medicine 865,3,Lab 3,354,0.087,0.46,0.82,1,155
866,Medicine 866,3,Lab 3,273,0.023,0.9,0.86,5,178
867,Medicine 867,1,Lab 1,340,0.076,0.91,0.46,5,143
868,Medicine 868,8,Lab 8,477,0.031,0.92,0.15,2,190
869,Medicine 869,8,Lab 8,151,0.164,0.38,0.46,6,74
870,Medicine 870,11,Lab 11,316,0.19,0.72,0.71,1,168
871,Medicine 871,9,Lab 9,404,0.024,0.34,0.51,7,168
872,Medicine 872,5,Lab 5,159,0.191,0.27,0.77,6,109
873,Medicine 873,14,Lab 14,379,0.109,0.27,0.42,2,139
874,Medicine 874,3,Lab 3,499,0.067,0.41,0.67,5,251
875,Medicine 875,5,Lab 5,479,0.025,0.49,0.27,7,199
876,Medicine 876,5,Lab 5,314,0.105,0.85,0.77,5,143
877,Medicine 877,19,Lab 19,52,0.161,0.21,0.59,4,62
878,Medicine 878,14,Lab 14,134,0.144,0.76,0.28,2,78
879,Medicine 879,4,Lab 4,331,0.02,0.58,0.36,2,127
880,Medicine 880,13,Lab 13,377,0.024,0.36,0.77,1,125
881,Medicine 881,10,Lab 10,353,0.087,0.54,0.53,1,122
882,Medicine 882,18,Lab 18,499,0.066,0.37,0.29,4,200
883,Medicine 883,8,Lab 8,461,0.054,0.64,0.97,7,177
884,Medicine 884,8,Lab 8,166,0.063,0.49,0.74,3,88
885,Medicine 885,7,Lab 7,270,0.163,0.25,0.96,6,156
886,Medicine 886,8,Lab 8,203,0.187,0.2,0.48,3,83
887,Medicine 887,14,Lab 14,202,0.087,0.59,0.53,3,142
888,Medicine 888,19,Lab 19,61,0.182,0.91,0.91,2,29
889,Medicine 889,6,Lab 6,182,0.071,0.41,0.57,6,87
890,Medicine 890,1,Lab 1,353,0.101,0.76,0.74,2,101
891,Medicine 891,15,Lab 15,342,0.053,0.69,0.33,6,193
892,Medicine 892,1,Lab 1,349,0.132,0.94,0.5,5,138
893,Medicine 893,17,Lab 17,277,0.196,0.84,0.21,2,66
894,Medicine 894,1,Lab 1,320,0.125,0.61,0.29,2,108
895,Medicine 895,15,Lab 15,92,0.078,0.69,0.1,2,22
896,Medicine 896,2,Lab 2,481,0.133,0.91,0.14,7,182
897,Medicine 897,14,Lab 14,392,0.033,0.46,0.98,4,175
898,Medicine 898,8,Lab 8,375,0.179,0.39,0.32,2,147
899,Medicine 899,8,Lab 8,351,0.106,0.11,0.7,1,124
900,Medicine 900,19,Lab 19,413,0.095,0.84,0.86,1,167
901,Medicine 901,7,Lab 7,428,0.121,0.82,0.6,6,175
902,Medicine 902,19,Lab 19,476,0.129,0.19,0.24,5,142
903,Medicine 903,6,Lab 6,70,0.024,0.62,0.76,4,38
904,Medicine 904,6,Lab 6,456,0.14,0.52,0.64,7,187
905,Medicine 905,3,Lab 3,156,0.056,0.21,0.76,6,102
906,Medicine 906,7,Lab 7,385,0.146,0.98,0.79,1,147
907,Medicine 907,19,Lab 19,352,0.166,0.29,0.98,4,116
908,Medicine 908,8,Lab 8,166,0.163,0.16,0.62,4,87
909,Medicine 909,10,Lab 10,173,0.115,0.64,0.41,5,128
910,Medicine 910,20,Lab 20,448,0.109,0.76,0.68,4,182
911,Medicine 911,15,Lab 15,330,0.037,0.13,0.16,2,102
912,Medicine 912,15,Lab 15,341,0.157,0.69,0.91,4,154
913,Medicine 913,1,Lab 1,252,0.062,0.58,0.21,5,93
914,Medicine 914,20,Lab 20,100,0.104,0.19,0.4,6,47
915,Medicine 915,7,Lab 7,320,0.064,0.26,0.83,5,156
916,Medicine 916,4,Lab 4,373,0.035,0.61,0.64,7,196
917,Medicine 917,6,Lab 6,326,0.13,0.37,0.45,5,134
918,Medicine 918,1,Lab 1,190,0.02,0.94,0.53,1,56
919,Medicine 919,5,Lab 5,324,0.152,0.84,0.87,2,149
920,Medicine 920,1,Lab 1,339,0.07,0.99,0.41,1,176
921,Medicine 921,4,Lab 4,383,0.01,0.33,0.88,6,172
922,Medicine 922,2,Lab 2,430,0.107,0.97,0.18,3,159
923,Medicine 923,10,Lab 10,422,0.019,0.49,0.8,6,171
924,Medicine 924,5,Lab 5,101,0.062,0.41,0.86,2,80
925,Medicine 925,10,Lab 10,76,0.144,0.15,0.26,4,32
926,Medicine 926,1,Lab 1,206,0.022,0.15,0.49,5,123
927,Medicine 927,6,Lab 6,288,0.169,0.72,0.25,3,101
928,Medicine 928,13,Lab 13,205,0.011,0.51,0.74,2,110
929,Medicine 929,15,Lab 15,340,0.057,0.3,0.58,1,126
930,Medicine 930,4,Lab 4,185,0.151,0.65,0.67,5,137
931,Medicine 931,13,Lab 13,193,0.07,0.33,0.28,6,107
932,Medicine 932,20,Lab 20,155,0.029,0.62,0.29,1,98
933,Medicine 933,15,Lab 15,469,0.078,0.42,0.14,2,161
934,Medicine 934,8,Lab 8,207,0.061,0.84,0.39,2,94
935,Medicine 935,5,Lab 5,195,0.17,0.84,0.6,6,114
936,Medicine 936,15,Lab 15,51,0.07,0.53,0.87,3,48
937,Medicine 937,4,Lab 4,482,0.16,0.42,0.7,6,206
938,Medicine 938,12,Lab 12,126,0.179,0.43,0.49,4,58
939,Medicine 939,13,Lab 13,181,0.092,0.83,0.96,1,102
940,Medicine 940,2,Lab 2,139,0.183,0.4,0.75,3,95
941,Medicine 941,19,Lab 19,394,0.082,0.29,0.94,5,204
942,Medicine 942,19,Lab 19,399,0.193,0.18,0.57,7,169
943,Medicine 943,4,Lab 4,312,0.027,0.52,0.33,4,149
944,Medicine 944,4,Lab 4,400,0.141,0.53,0.15,3,157
945,Medicine 945,11,Lab 11,157,0.104,0.86,0.75,7,108
946,Medicine 946,5,Lab 5,123,0.084,0.3,0.21,7,122
947,Medicine 947,20,Lab 20,88,0.13,0.44,0.37,1,33
948,Medicine 948,11,Lab 11,446,0.144,0.83,0.58,2,172
949,Medicine 949,10,Lab 10,208,0.011,0.84,0.61,5,151
950,Medicine 950,8,Lab 8,120,0.042,0.45,0.64,6,120
951,Medicine 951,6,Lab 6,496,0.145,0.51,0.25,1,164
952,Medicine 952,6,Lab 6,361,0.137,0.37,0.44,4,161
953,Medicine 953,8,Lab 8,290,0.194,0.94,0.66,7,146
954,Medicine 954,15,Lab 15,475,0.155,0.21,0.97,4,178
955,Medicine 955,14,Lab 14,494,0.191,0.94,0.75,7,190
956,Medicine 956,11,Lab 11,347,0.143,0.72,0.93,2,163
957,Medicine 957,12,Lab 12,489,0.067,0.58,0.79,2,205
958,Medicine 958,13,Lab 13,85,0.03,0.13,0.63,5,59
959,Medicine 959,8,Lab 8,133,0.159,0.53,0.27,6,86
960,Medicine 960,18,Lab 18,423,0.132,0.47,0.7,5,228
961,Medicine 961,1,Lab 1,312,0.019,0.25,0.66,2,150
962,Medicine 962,15,Lab 15,359,0.078,0.69,0.64,2,128
963,Medicine 963,8,Lab 8,434,0.192,0.97,0.54,4,196
964,Medicine 964,11,Lab 11,221,0.105,0.61,0.58,2,82
965,Medicine 965,12,Lab 12,425,0.092,0.74,0.4,3,106
966,Medicine 966,12,Lab 12,222,0.097,0.16,0.57,7,116
967,Medicine 967,4,Lab 4,411,0.05,0.48,0.28,1,175
968,Medicine 968,16,Lab 16,96,0.08,0.2,0.82,2,91
969,Medicine 969,4,Lab 4,428,0.08,0.65,0.27,5,178
970,Medicine 970,5,Lab 5,190,0.02,0.94,0.18,6,99
971,Medicine 971,5,Lab 5,424,0.156,0.7,0.49,7,192
972,Medicine 972,8,Lab 8,455,0.089,0.17,0.69,7,185
973,Medicine 973,10,Lab 10,167,0.166,0.42,0.49,6,84
974,Medicine 974,17,Lab 17,326,0.172,0.6,0.35,6,162
975,Medicine 975,9,Lab 9,263,0.05,0.46,0.6,7,128
976,Medicine 976,19,Lab 19,269,0.135,0.85,0.41,3,140
977,Medicine 977,14,Lab 14,442,0.1,0.83,0.94,5,185
978,Medicine 978,8,Lab 8,75,0.177,0.65,0.93,3,110
979,Medicine 979,9,Lab 9,58,0.051,0.44,0.55,2,17
980,Medicine 980,11,Lab 11,320,0.139,0.33,0.4,1,93
981,Medicine 981,1,Lab 1,59,0.125,0.2,0.76,6,65
982,Medicine 982,14,Lab 14,427,0.066,0.42,0.13,5,122
983,Medicine 983,5,Lab 5,170,0.036,0.47,0.53,6,53
984,Medicine 984,14,Lab 14,174,0.134,0.71,0.4,3,47
985,Medicine 985,4,Lab 4,219,0.15,0.69,0.93,4,114
986,Medicine 986,1,Lab 1,121,0.07,0.16,0.11,2,43
987,Medicine 987,19,Lab 19,201,0.133,0.46,0.6,1,92
988,Medicine 988,8,Lab 8,257,0.085,0.26,0.77,2,107
989,Medicine 989,15,Lab 15,98,0.146,0.24,0.54,4,69
990,Medicine 990,15,Lab 15,203,0.048,0.84,0.18,1,76
991,Medicine 991,9,Lab 9,396,0.179,0.14,0.98,4,176
992,Medicine 992,9,Lab 9,342,0.065,0.48,0.57,2,147
993,Medicine 993,10,Lab 10,117,0.08,0.25,0.65,3,64
994,Medicine 994,20,Lab 20,99,0.021,0.89,0.31,7,101
995,Medicine 995,9,Lab 9,201,0.031,0.6,0.54,2,93
996,Medicine 996,3,Lab 3,68,0.108,0.31,0.49,2,15
997,Medicine 997,20,Lab 20,149,0.061,0.55,0.17,2,85
998,Medicine 998,11,Lab 11,109,0.169,0.76,0.2,5,52
999,Medicine 999,6,Lab 6,216,0.013,0.96,0.85,4,146
1000,Medicine 1000,2,Lab 2,251,0.082,0.3,0.32,4,113
1001,Medicine 1001,7,Lab 7,394,0.074,0.9,0.28,6,169
1002,Medicine 1002,18,Lab 18,195,0.014,0.94,0.55,4,75
1003,Medicine 1003,2,Lab 2,452,0.034,0.92,0.79,6,236
1004,Medicine 1004,17,Lab 17,213,0.089,0.67,0.16,5,95
1005,Medicine 1005,11,Lab 11,488,0.104,0.67,0.62,3,200
1006,Medicine 1006,12,Lab 12,291,0.087,0.46,0.21,6,126
1007,Medicine 1007,19,Lab 19,118,0.111,0.78,0.13,2,53
1008,Medicine 1008,7,Lab 7,224,0.123,0.58,0.15,3,96
1009,Medicine 1009,20,Lab 20,98,0.012,0.71,0.85,7,104
1010,Medicine 1010,6,Lab 6,157,0.098,0.49,0.21,5,77
1011,Medicine 1011,1,Lab 1,275,0.193,0.76,0.14,4,111
1012,Medicine 1012,17,Lab 17,210,0.109,0.84,0.49,6,127
1013,Medicine 1013,11,Lab 11,168,0.139,0.23,0.86,2,93
1014,Medicine 1014,18,Lab 18,198,0.069,0.85,0.34,1,89
1015,Medicine 1015,17,Lab 17,199,0.157,0.59,0.48,7,125
1016,Medicine 1016,7,Lab 7,481,0.157,0.86,0.14,1,154
1017,Medicine 1017,17,Lab 17,342,0.109,0.49,0.5,3,181
1018,Medicine 1018,20,Lab 20,192,0.195,0.44,0.62,4,124
1019,Medicine 1019,9,Lab 9,468,0.034,0.92,0.61,1,195
1020,Medicine 1020,17,Lab 17,209,0.013,0.33,0.4,3,56
1021,Medicine 1021,20,Lab 20,60,0.156,0.86,0.38,5,75
1022,Medicine 1022,8,Lab 8,187,0.163,0.54,0.2,3,73
1023,Medicine 1023,17,Lab 17,127,0.033,0.56,0.43,7,75
1024,Medicine 1024,7,Lab 7,126,0.06,0.38,0.19,3,55
1025,Medicine 1025,1,Lab 1,490,0.013,0.62,0.79,7,200
1026,Medicine 1026,13,Lab 13,303,0.066,0.39,0.97,3,149
1027,Medicine 1027,19,Lab 19,458,0.157,0.14,0.97,2,203
1028,Medicine 1028,19,Lab 19,307,0.108,0.34,0.88,3,151
1029,Medicine 1029,17,Lab 17,369,0.076,0.11,0.64,6,213
1030,Medicine 1030,13,Lab 13,340,0.081,0.98,0.73,3,123
1031,Medicine 1031,16,Lab 16,312,0.01,0.97,0.36,2,123
1032,Medicine 1032,8,Lab 8,134,0.067,0.46,0.67,2,57
1033,Medicine 1033,19,Lab 19,195,0.133,0.76,0.51,5,131
1034,Medicine 1034,18,Lab 18,372,0.195,0.41,0.53,7,156
1035,Medicine 1035,1,Lab 1,91,0.171,0.7,0.78,4,79
1036,Medicine 1036,14,Lab 14,423,0.014,0.82,0.35,1,170
1037,Medicine 1037,19,Lab 19,174,0.181,0.95,0.39,1,49
1038,Medicine 1038,15,Lab 15,216,0.159,0.46,0.93,3,96
1039,Medicine 1039,18,Lab 18,474,0.158,0.8,0.15,5,199
1040,Medicine 1040,2,Lab 2,290,0.097,0.34,0.54,3,109
1041,Medicine 1041,17,Lab 17,329,0.086,0.99,0.92,1,112
1042,Medicine 1042,18,Lab 18,237,0.068,0.12,0.65,7,106
1043,Medicine 1043,6,Lab 6,351,0.022,0.64,0.59,7,163
1044,Medicine 1044,19,Lab 19,68,0.053,0.69,0.32,7,79
1045,Medicine 1045,4,Lab 4,117,0.057,0.72,0.41,2,67
1046,Medicine 1046,1,Lab 1,267,0.102,0.21,0.87,4,113
1047,Medicine 1047,8,Lab 8,151,0.152,0.94,0.6,5,118
1048,Medicine 1048,7,Lab 7,91,0.1,0.26,0.56,2,51
1049,Medicine 1049,3,Lab 3,337,0.021,0.66,0.19,4,143
1050,Medicine 1050,10,Lab 10,216,0.192,0.3,0.11,5,78
1051,Medicine 1051,10,Lab 10,158,0.189,0.38,0.97,5,129
1052,Medicine 1052,19,Lab 19,85,0.159,0.59,0.44,1,39
1053,Medicine 1053,14,Lab 14,281,0.198,0.48,0.64,2,114
1054,Medicine 1054,2,Lab 2,278,0.113,0.24,0.17,5,133
1055,Medicine 1055,1,Lab 1,402,0.193,0.25,0.71,6,172
1056,Medicine 1056,18,Lab 18,213,0.024,0.48,0.94,7,140
1057,Medicine 1057,7,Lab 7,436,0.079,0.78,0.62,5,146
1058,Medicine 1058,8,Lab 8,122,0.053,0.91,0.21,4,92
1059,Medicine 1059,1,Lab 1,185,0.047,0.18,0.62,1,81
1060,Medicine 1060,3,Lab 3,402,0.037,0.45,0.79,3,177
1061,Medicine 1061,8,Lab 8,428,0.128,0.19,0.47,7,178
1062,Medicine 1062,15,Lab 15,119,0.158,0.11,0.89,1,50
1063,Medicine 1063,5,Lab 5,474,0.12,0.7,0.68,3,203
1064,Medicine 1064,3,Lab 3,245,0.038,0.64,0.91,2,125
1065,Medicine 1065,19,Lab 19,318,0.164,0.25,0.66,2,96
1066,Medicine 1066,1,Lab 1,98,0.131,0.31,0.22,5,86
1067,Medicine 1067,15,Lab 15,365,0.084,0.12,0.38,6,120
1068,Medicine 1068,8,Lab 8,179,0.138,0.85,0.28,2,100
1069,Medicine 1069,2,Lab 2,493,0.059,0.98,0.92,5,246
1070,Medicine 1070,3,Lab 3,54,0.076,0.22,0.78,7,53
1071,Medicine 1071,14,Lab 14,477,0.184,0.31,0.71,1,163
1072,Medicine 1072,14,Lab 14,76,0.065,0.88,0.37,2,53
1073,Medicine 1073,11,Lab 11,209,0.099,0.93,0.27,1,86
1074,Medicine 1074,16,Lab 16,198,0.179,0.48,0.78,1,125
1075,Medicine 1075,4,Lab 4,313,0.144,0.15,0.53,6,113
1076,Medicine 1076,20,Lab 20,279,0.022,0.14,0.3,2,98
1077,Medicine 1077,5,Lab 5,249,0.038,0.62,0.65,1,139
1078,Medicine 1078,14,Lab 14,99,0.011,0.45,0.14,6,65
1079,Medicine 1079,16,Lab 16,116,0.13,0.13,0.39,6,53
1080,Medicine 1080,18,Lab 18,349,0.095,0.62,0.52,2,143
1081,Medicine 1081,7,Lab 7,430,0.036,0.11,0.23,6,182
1082,Medicine 1082,10,Lab 10,107,0.192,0.81,0.99,2,70
1083,Medicine 1083,7,Lab 7,308,0.111,0.38,0.29,2,124
1084,Medicine 1084,1,Lab 1,391,0.056,0.14,0.22,3,111
1085,Medicine 1085,19,Lab 19,375,0.105,0.63,0.28,1,106
1086,Medicine 1086,16,Lab 16,179,0.139,0.46,0.79,4,90
1087,Medicine 1087,19,Lab 19,264,0.024,0.98,0.48,2,133
1088,Medicine 1088,4,Lab 4,221,0.062,0.59,0.61,1,113
1089,Medicine 1089,18,Lab 18,307,0.163,0.35,0.12,7,105
1090,Medicine 1090,2,Lab 2,151,0.097,0.74,0.13,6,103
1091,Medicine 1091,1,Lab 1,258,0.114,0.34,0.5,5,121
1092,Medicine 1092,15,Lab 15,340,0.092,0.91,0.83,2,132
1093,Medicine 1093,5,Lab 5,403,0.018,0.44,0.9,6,159
1094,Medicine 1094,20,Lab 20,335,0.041,0.59,0.18,6,150
1095,Medicine 1095,11,Lab 11,165,0.095,0.15,0.58,6,120
1096,Medicine 1096,10,Lab 10,313,0.05,0.48,0.92,6,159
1097,Medicine 1097,2,Lab 2,199,0.019,0.85,0.45,6,100
1098,Medicine 1098,3,Lab 3,349,0.17,0.83,0.85,2,110
1099,Medicine 1099,12,Lab 12,491,0.196,0.3,0.22,7,215
1100,Medicine 1100,20,Lab 20,85,0.161,0.3,0.94,4,92
1101,Medicine 1101,5,Lab 5,382,0.172,0.84,0.78,3,167
1102,Medicine 1102,5,Lab 5,336,0.056,0.94,0.95,6,204
1103,Medicine 1103,6,Lab 6,352,0.193,0.19,0.71,6,155
1104,Medicine 1104,9,Lab 9,360,0.047,0.51,0.43,3,133
1105,Medicine 1105,2,Lab 2,257,0.191,0.4,0.94,7,149
1106,Medicine 1106,12,Lab 12,155,0.199,0.88,0.35,7,83
1107,Medicine 1107,3,Lab 3,495,0.145,0.18,0.4,2,146
1108,Medicine 1108,20,Lab 20,207,0.196,0.29,0.73,1,100
1109,Medicine 1109,12,Lab 12,170,0.118,0.78,0.79,5,126
1110,Medicine 1110,17,Lab 17,104,0.059,0.15,0.94,5,58
1111,Medicine 1111,10,Lab 10,449,0.093,0.54,0.28,1,129
1112,Medicine 1112,14,Lab 14,61,0.123,0.5,0.82,2,47
1113,Medicine 1113,17,Lab 17,194,0.024,0.4,0.76,5,98
1114,Medicine 1114,18,Lab 18,449,0.128,0.46,0.16,7,186
1115,Medicine 1115,19,Lab 19,445,0.196,0.58,0.45,3,164
1116,Medicine 1116,17,Lab 17,185,0.046,0.25,0.35,1,96
1117,Medicine 1117,14,Lab 14,52,0.161,0.61,0.37,7,72
1118,Medicine 1118,9,Lab 9,193,0.183,0.82,0.98,4,101
1119,Medicine 1119,8,Lab 8,79,0.189,0.78,0.68,2,22
1120,Medicine 1120,2,Lab 2,286,0.192,0.24,0.75,1,112
1121,Medicine 1121,13,Lab 13,328,0.109,0.23,0.98,5,117
1122,Medicine 1122,7,Lab 7,397,0.196,0.34,0.44,2,126
1123,Medicine 1123,9,Lab 9,164,0.154,0.42,0.82,3,75
1124,Medicine 1124,11,Lab 11,153,0.041,0.47,0.49,2,67
1125,Medicine 1125,14,Lab 14,167,0.101,0.71,0.88,2,69
1126,Medicine 1126,4,Lab 4,54,0.146,0.15,0.26,3,20
1127,Medicine 1127,13,Lab 13,409,0.057,0.13,0.95,6,203
1128,Medicine 1128,2,Lab 2,297,0.132,0.45,0.3,3,138
1129,Medicine 1129,5,Lab 5,413,0.137,0.73,0.39,7,208
1130,Medicine 1130,11,Lab 11,370,0.041,0.27,0.78,2,147
1131,Medicine 1131,6,Lab 6,170,0.117,0.68,0.45,3,92
1132,Medicine 1132,18,Lab 18,335,0.157,0.33,0.65,6,171
1133,Medicine 1133,10,Lab 10,198,0.105,0.9,0.5,7,92
1134,Medicine 1134,4,Lab 4,133,0.012,0.91,0.77,1,101
1135,Medicine 1135,9,Lab 9,455,0.012,0.37,0.31,3,193
1136,Medicine 1136,6,Lab 6,280,0.078,0.31,0.15,3,88
1137,Medicine 1137,2,Lab 2,337,0.186,0.47,0.37,2,149
1138,Medicine 1138,17,Lab 17,210,0.053,0.32,0.53,7,158
1139,Medicine 1139,5,Lab 5,321,0.131,0.71,0.25,1,132
1140,Medicine 1140,6,Lab 6,87,0.052,0.84,0.42,4,84
1141,Medicine 1141,12,Lab 12,275,0.071,0.71,0.46,4,104
1142,Medicine 1142,10,Lab 10,191,0.171,0.84,0.15,5,116
1143,Medicine 1143,6,Lab 6,341,0.148,0.46,0.62,3,117
1144,Medicine 1144,8,Lab 8,200,0.028,0.24,0.9,3,112
1145,Medicine 1145,2,Lab 2,163,0.091,0.76,0.24,1,81
1146,Medicine 1146,12,Lab 12,286,0.016,0.42,0.64,6,76
1147,Medicine 1147,13,Lab 13,115,0.101,0.7,0.7,4,92
1148,Medicine 1148,7,Lab 7,410,0.136,0.34,0.48,5,214
1149,Medicine 1149,10,Lab 10,390,0.033,0.17,0.73,1,103
1150,Medicine 1150,13,Lab 13,307,0.065,0.99,0.47,3,136
1151,Medicine 1151,17,Lab 17,298,0.086,0.24,0.55,4,87
1152,Medicine 1152,14,Lab 14,498,0.185,0.99,0.11,7,180
1153,Medicine 1153,2,Lab 2,380,0.199,0.98,0.72,5,131
1154,Medicine 1154,11,Lab 11,372,0.019,0.81,0.7,2,161
1155,Medicine 1155,1,Lab 1,229,0.155,0.69,0.13,4,114
1156,Medicine 1156,19,Lab 19,239,0.081,0.62,0.43,5,126
1157,Medicine 1157,4,Lab 4,456,0.085,0.88,0.98,1,165
1158,Medicine 1158,19,Lab 19,203,0.153,0.36,0.48,2,72
1159,Medicine 1159,11,Lab 11,245,0.185,0.52,0.55,5,121
1160,Medicine 1160,8,Lab 8,360,0.191,0.66,0.92,5,146
1161,Medicine 1161,11,Lab 11,311,0.12,0.47,0.75,3,107
1162,Medicine 1162,4,Lab 4,468,0.078,0.48,0.62,6,189
1163,Medicine 1163,17,Lab 17,455,0.16,0.4,0.82,4,162
1164,Medicine 1164,7,Lab 7,476,0.058,0.61,0.88,3,201
1165,Medicine 1165,8,Lab 8,192,0.117,0.87,0.51,7,145
1166,Medicine 1166,3,Lab 3,391,0.078,0.28,0.53,2,196
1167,Medicine 1167,2,Lab 2,365,0.135,0.94,0.45,6,171
1168,Medicine 1168,15,Lab 15,150,0.056,0.72,0.97,5,123
1169,Medicine 1169,5,Lab 5,293,0.046,0.84,0.73,3,127
1170,Medicine 1170,1,Lab 1,61,0.184,0.6,0.17,6,45
1171,Medicine 1171,4,Lab 4,288,0.029,0.8,0.88,7,188
1172,Medicine 1172,15,Lab 15,98,0.106,0.11,0.53,4,56
1173,Medicine 1173,20,Lab 20,91,0.052,0.84,0.16,7,82
1174,Medicine 1174,19,Lab 19,215,0.017,0.14,0.59,2,118
1175,Medicine 1175,3,Lab 3,131,0.017,0.9,0.48,1,70
1176,Medicine 1176,20,Lab 20,478,0.043,0.99,0.89,3,232
1177,Medicine 1177,11,Lab 11,340,0.175,0.36,0.28,2,130
1178,Medicine 1178,17,Lab 17,207,0.064,0.29,0.84,1,104
1179,Medicine 1179,13,Lab 13,265,0.191,0.79,0.6,3,105
1180,Medicine 1180,11,Lab 11,207,0.121,0.33,0.15,2,87
1181,Medicine 1181,2,Lab 2,183,0.093,0.88,0.97,7,123
1182,Medicine 1182,9,Lab 9,116,0.12,0.19,0.56,2,68
1183,Medicine 1183,2,Lab 2,385,0.108,0.21,0.36,6,153
1184,Medicine 1184,9,Lab 9,56,0.154,0.98,0.52,7,98
1185,Medicine 1185,9,Lab 9,485,0.064,0.71,0.87,3,196
1186,Medicine 1186,8,Lab 8,63,0.077,0.86,0.37,2,94
1187,Medicine 1187,17,Lab 17,122,0.18,0.39,0.27,5,62
1188,Medicine 1188,1,Lab 1,448,0.19,0.71,0.22,3,150
1189,Medicine 1189,11,Lab 11,454,0.18,0.63,0.37,2,167
1190,Medicine 1190,8,Lab 8,212,0.09,0.64,0.8,6,147
1191,Medicine 1191,10,Lab 10,115,0.158,0.71,0.52,1,82
1192,Medicine 1192,7,Lab 7,396,0.101,0.62,0.3,1,143
1193,Medicine 1193,3,Lab 3,179,0.105,0.49,0.25,5,97
1194,Medicine 1194,3,Lab 3,468,0.049,0.35,0.4,3,178
1195,Medicine 1195,18,Lab 18,255,0.122,0.79,0.95,6,123
1196,Medicine 1196,5,Lab 5,325,0.045,0.3,0.41,2,144
1197,Medicine 1197,12,Lab 12,305,0.073,0.72,0.99,2,116
1198,Medicine 1198,12,Lab 12,315,0.172,0.31,0.54,1,91
1199,Medicine 1199,19,Lab 19,74,0.049,0.66,0.26,6,71
1200,Medicine 1200,6,Lab 6,499,0.024,0.77,0.9,7,219
